	Chipaya	1209	I	werx
	Chipaya	1209	I	wexr-ki
	Mosetén	1209	I	yo'ẽ
	Movima	1209	I	inɬa
	Chipaya	1906	SOUR	xaru
	Mosetén	1906	SOUR	pašsi
	Movima	1906	SOUR	rapis-ni
	Chipaya	1580	ONLY	alax̣a
	Chipaya	1580	ONLY	kama
	Mosetén	1580	ONLY	'momo
	Movima	1580	ONLY	sokaʔ-te
	Mosetén	1577	AND	hũdʸe'yaʔ
	Movima	1577	AND	če
	Mosetén	619	ANIMAL	hebak-'dʸe
	Movima	619	ANIMAL	popoi-kʷa
	Chipaya	1275	ANSWER	ḳʰaaš
	Mosetén	1275	ANSWER	hĩči'kakiʔ
	Movima	1275	ANSWER	čai-wane-ɬe
	Chipaya	587	ANT	kˀišimiri
	Mosetén	587	ANT	kastkit'ki
	Mosetén	587	ANT	ki'kiki
	Mosetén	587	ANT	kya'ki
	Mosetén	587	ANT	a'yuša
	Movima	587	ANT	či-heɬ
	Chipaya	1778	APPROACH	ṣ̌katṣ̌in-š
	Mosetén	1778	APPROACH	čeiʔ'yai
	Movima	1778	APPROACH	nen-kʷa-niwa
	Chipaya	1673	ARM	ḳx̣ar_wičˀu
	Mosetén	1673	ARM	œɲ'ya
	Movima	1673	ARM	ɓosa-kʷa
	Mosetén	1886	ARMPIT	c̷a'kaʔ
	Movima	1886	ARMPIT	čowi-kʷa
	Mosetén	977	ARROW	ih'meʔ
	Movima	977	ARROW	huɬ-pa
	Chipaya	646	ASH	ḳʰup
	Mosetén	646	ASH	čim
	Movima	646	ASH	βeʔe-βus
	Chipaya	1309	ASK (INQUIRE)	pewk-
	Chipaya	1309	ASK (INQUIRE)	pekun-š
	Mosetén	1309	ASK (INQUIRE)	kodak-'dʸe
	Movima	1309	ASK (INQUIRE)	ɗaha-wane-ɬe
	Chipaya	1828	ASK (REQUEST)	may-
	Chipaya	1828	ASK (REQUEST)	ḳax
	Mosetén	1828	ASK (REQUEST)	ku'daki
	Movima	1828	ASK (REQUEST)	ɗah-kʷa-na
	Chipaya	677	AXE	ača
	Mosetén	677	AXE	pha'kiyeʔ
	Movima	677	AXE	lai-ɬa
	Chipaya	1291	BACK	tax
	Mosetén	1291	BACK	mœrehri'ka
	Movima	1291	BACK	ɗuɗu-kʷa
	Chipaya	1292	BAD	ana_šuma
	Mosetén	1292	BAD	ham_'hemdsi
	Movima	1292	BAD	um̉-ɓe
	Chipaya	1204	BARK	čʰax̣pi
	Mosetén	1204	BARK	'šoʔpaʔ
	Mosetén	1204	BARK	šu'páʔ
	Movima	1204	BARK	to-ɓen̉-kʷa
	Chipaya	1539	BASKET	ṣ̌epa
	Movima	1539	BASKET	sam-res-mo
	Chipaya	1793	BAT	čiɲa
	Mosetén	1793	BAT	c̷i'ɲiʔ
	Movima	1793	BAT	ɓosin̉
	Chipaya	138	BATHE	awxs
	Mosetén	138	BATHE	'yœih
	Movima	138	BATHE	ɬam̉-ɬam̉
	Movima	1860	BEAD	ɗiɗin-kʷa
	Chipaya	678	BEARD	šip
	Chipaya	678	BEARD	šipš
	Mosetén	678	BEARD	yæ'tis
	Movima	678	BEARD	čuska-mora
	Chipaya	1157	BECAUSE	kʰen
	Mosetén	1157	BECAUSE	ka'kaiɲ
	Movima	1157	BECAUSE	ɓo
	Mosetén	665	BEE	ku'ruma
	Movima	665	BEE	čuiɗi
	Chipaya	1686	BEHIND	wiri
	Mosetén	1686	BEHIND	hœ'kiwe
	Movima	1686	BEHIND	mo-sisi
	Chipaya	772	BELT	c̷ʰayi
	Movima	772	BELT	sun̉-ka-pin̉
	Chipaya	2004	BEND	wex̣ru
	Mosetén	2004	BEND	kudoi'heʔ
	Movima	2004	BEND	watul-na
	Mosetén	731	BEVERAGE	'čeye
	Movima	731	BEVERAGE	ya-lo-we
	Chipaya	937	BIRD	weṣ̌la
	Mosetén	937	BIRD	haiht'ki
	Movima	937	BIRD	hoʔme
	Chipaya	1403	BITE	tʰup-
	Chipaya	1403	BITE	č̣ˀat-š
	Mosetén	1403	BITE	ka'rau'heʔ
	Movima	1403	BITE	lam̉-na
	Chipaya	887	BITTER	xaru
	Mosetén	887	BITTER	bi'kœkis
	Movima	887	BITTER	sese-ni
	Chipaya	163	BLACK	c̷oḳ
	Mosetén	163	BLACK	c̷in'katč
	Mosetén	163	BLACK	c̷in'kas
	Movima	163	BLACK	tun-ni
	Chipaya	806	BLANKET	čʰinš-ḳiši
	Chipaya	806	BLANKET	apxu
	Mosetén	806	BLANKET	phuir'yit
	Movima	806	BLANKET	ɓoʔ-we-wanra-ni
	Chipaya	946	BLOOD	lxok
	Mosetén	946	BLOOD	češ
	Movima	946	BLOOD	ɗonʔi
	Chipaya	175	BLOW (OF WIND)	pʰuxš
	Chipaya	175	BLOW (OF WIND)	tʰam
	Mosetén	175	BLOW (OF WIND)	puh'ye
	Movima	175	BLOW (OF WIND)	ha-βuɬ-na
	Chipaya	837	BLUE	larama
	Mosetén	837	BLUE	'nyuš-nyos
	Movima	837	BLUE	suβu
	Chipaya	379	BLUNT	ana_puntučiš
	Mosetén	379	BLUNT	mœ'nes
	Movima	379	BLUNT	pe-res-ɬeʔe
	Chipaya	1480	BODY	xanči
	Mosetén	1480	BODY	ãa
	Mosetén	1480	BODY	ã-'c̷oɲ
	Mosetén	1480	BODY	ã-t-'pheinsi
	Movima	1480	BODY	loɓaɓa
	Chipaya	189	HAIR (BODY)	šakra
	Mosetén	189	HAIR (BODY)	'fin
	Movima	189	HAIR (BODY)	risa-kʷa
	Chipaya	1394	BONE	c̷ʰix
	Mosetén	1394	BONE	hin
	Movima	1394	BONE	nunʔi
	Chipaya	1090	BE BORN	maxt-š
	Chipaya	1090	BE BORN	tor-š
	Mosetén	1090	BE BORN	na'ʔih
	Movima	1090	BE BORN	tami-ɬe
	Chipaya	690	BOTTOM	ḳoši
	Mosetén	690	BOTTOM	mahk'haɲ
	Movima	690	BOTTOM	ya-si-ni-wa
	Mosetén	994	BOW	kwin'dʸeʔ
	Movima	994	BOW	ta-ni-lo
	Chipaya	1366	BOY	lukmaxč
	Mosetén	1366	BOY	mi'ki-t
	Movima	1366	BOY	ɗiči-ye
	Chipaya	1043	BRAID	kʰiš
	Mosetén	1043	BRAID	mi'ɲeʔ
	Movima	1043	BRAID	sama-ɗin-ɬeu
	Chipaya	1583	BRAIN	šḳʰex̣pla
	Mosetén	1583	BRAIN	'saasa
	Movima	1583	BRAIN	taβalo-ɓakʷa-ni
	Chipaya	680	BREAK (DESTROY OR GET DESTROYED)	x̣ʷaxrš
	Chipaya	680	BREAK (DESTROY OR GET DESTROYED)	ḳʰolx-š
	Mosetén	680	BREAK (DESTROY OR GET DESTROYED)	iɲwãʔ'čai
	Mosetén	680	BREAK (DESTROY OR GET DESTROYED)	tokʔ'he
	Movima	680	BREAK (DESTROY OR GET DESTROYED)	kan̉-ka-čo-na
	Chipaya	1159	FART	č̣ʰixc̷
	Mosetén	1159	FART	čo'ti
	Mosetén	1159	FART	ču'ti_hi'fi
	Movima	1159	FART	roson̉-kʷa
	Chipaya	1402	BREAST	piš
	Mosetén	1402	BREAST	eefe
	Movima	1402	BREAST	čah-kʷa
	Mosetén	1011	BRIDGE	ɲoba-'kis
	Chipaya	679	BRIGHT	lʸixɲi
	Mosetén	679	BRIGHT	tču'ɲem-ki
	Mosetén	679	BRIGHT	tču'ɲem-si
	Movima	679	BRIGHT	heʔ-les
	Chipaya	692	BRING	šxixk-š
	Mosetén	692	BRING	'tui
	Movima	692	BRING	hiwa-ɬe-na
	Chipaya	1840	BUILD	paa-š
	Mosetén	1840	BUILD	hœmʔta'ki
	Mosetén	1840	BUILD	hemʔta'ki
	Movima	1840	BUILD	en-poh-na
	Chipaya	1428	BURNING	tʰap-š
	Mosetén	1428	BURNING	mii'tiʔ
	Movima	1428	BURNING	ta-leles
	Chipaya	141	BURN (SOMETHING)	tan-ḳat-
	Chipaya	141	BURN (SOMETHING)	tʰap-š
	Mosetén	141	BURN (SOMETHING)	xixoʔ'ɲe
	Movima	141	BURN (SOMETHING)	is-na
	Mosetén	1719	BURY	eruyuhæ'tein
	Mosetén	1719	BURY	eruyu'hein
	Movima	1719	BURY	wulako-čaye
	Chipaya	1791	BUTTERFLY	pilpinti
	Mosetén	1791	BUTTERFLY	batak'tak
	Movima	1791	BUTTERFLY	ɗelto-βen̉
	Chipaya	834	BUTTOCKS	wiri
	Mosetén	834	BUTTOCKS	dgi'yaʔ
	Movima	834	BUTTOCKS	ɗinsi-kʷa
	Chipaya	1869	BUY	ḳʰay-š
	Mosetén	1869	BUY	ya'ʔi
	Movima	1869	BUY	rim-eɬ-na
	Chipaya	1084	CALL	ḳʰaw-š
	Mosetén	1084	CALL	faintæʔ
	Movima	1084	CALL	haya-moɬ
	Mosetén	1970	CANOE	ko'amba
	Movima	1970	CANOE	huβe
	Chipaya	700	CARRY	ḳuš
	Mosetén	700	CARRY	wi'ti
	Movima	700	CARRY	pen̉-na
	Chipaya	1208	CAT	miši
	Mosetén	1208	CAT	'miši
	Movima	1208	CAT	miči
	Chipaya	860	CAUSE	-ḳat
	Movima	860	CAUSE	kau-ham-pa
	Mosetén	1476	CHAIR	bœʔya'kis
	Movima	1476	CHAIR	siya
	Mosetén	1188	CHARCOAL	kœh
	Movima	1188	CHARCOAL	ɗe-la-kʷa
	Chipaya	1730	CHEEK	yuxk_latu
	Mosetén	1730	CHEEK	aiɲ
	Movima	1730	CHEEK	poh-ra
	Chipaya	1592	CHEST	keka
	Mosetén	1592	CHEST	eefe
	Movima	1592	CHEST	ɓeʔ-ɬaɬa-kʷa
	Chipaya	321	CHEW	muk-
	Mosetén	321	CHEW	karaub-'he
	Mosetén	321	CHEW	ka'raub-ka'raub-'he
	Movima	321	CHEW	ɗon-ka-ɓa-na
	Chipaya	1318	CHICKEN	walʸpa
	Mosetén	1318	CHICKEN	mi'ki-t_a'taba
	Movima	1318	CHICKEN	hoʔme
	Chipaya	301	CHIEFTAIN	xiliri
	Mosetén	301	CHIEFTAIN	'hefe
	Movima	301	CHIEFTAIN	en-ona
	Chipaya	1304	CHILD (YOUNG HUMAN)	lukmaxč
	Mosetén	1304	CHILD (YOUNG HUMAN)	mi'ki-t
	Movima	1304	CHILD (YOUNG HUMAN)	ɗiči-ye
	Mosetén	919	CHILI PEPPER	taʔ
	Movima	919	CHILI PEPPER	čihi
	Mosetén	1510	CHIN	im
	Chipaya	129	CHOKE	šḳexḳš
	Movima	129	CHOKE	sin̉-čočoɬ-na
	Chipaya	1750	CHOOSE	ilʸ-
	Mosetén	1750	CHOOSE	yim'kyem
	Movima	1750	CHOOSE	hon̉-na
	Chipaya	155	CHOP	ḳˀatš
	Mosetén	155	CHOP	phak'haɲ
	Movima	155	CHOP	lan̉-na
	Mosetén	72	CLAW	'patki
	Chipaya	704	CLEAN	lʸumpaḳa
	Movima	704	CLEAN	ha-yau
	Mosetén	1616	CLOTH	kis'ye
	Movima	1616	CLOTH	ɗoʔwe-wan-oh
	Chipaya	1895	CLOTHES	škiti
	Mosetén	1895	CLOTHES	koft'yi-t
	Mosetén	1895	CLOTHES	kis'ye
	Movima	1895	CLOTHES	ɗoʔwe
	Chipaya	1489	CLOUD	c̷xiri
	Mosetén	1489	CLOUD	erubu'ye
	Movima	1489	CLOUD	ɓe-yas
	Mosetén	1575	COCKROACH	ša'bo
	Movima	1575	COCKROACH	moɗon̉
	Chipaya	1287	COLD	saki
	Chipaya	1287	COLD	laawš
	Mosetén	1287	COLD	he'tis
	Movima	1287	COLD	hilo-ka
	Movima	2012	COLLAR	wo-roʔo
	Chipaya	7	GATHER	axks
	Chipaya	7	GATHER	xuntiš
	Mosetén	7	GATHER	'dʸim'ha
	Movima	7	GATHER	kul-na
	Chipaya	1475	COMB	ḳara
	Chipaya	1475	COMB	kosɲi
	Mosetén	1475	COMB	'peec̷i
	Movima	1475	COMB	e-ɬa
	Chipaya	1446	COME	tʰon-š
	Mosetén	1446	COME	a'c̷ih
	Mosetén	1446	COME	a'yih
	Movima	1446	COME	hi-wawa
	Chipaya	581	COME BACK	kexpš
	Mosetén	581	COME BACK	kaɲi'ti
	Movima	581	COME BACK	sal-moɬ
	Chipaya	1100	COOK (SOMETHING)	taḳ-
	Chipaya	1100	COOK (SOMETHING)	wexl-š
	Mosetén	1100	COOK (SOMETHING)	hemi'tih
	Mosetén	1100	COOK (SOMETHING)	hemi'tiʔ
	Movima	1100	COOK (SOMETHING)	ɗehahal
	Chipaya	269	COOKED	wexlči
	Mosetén	269	COOKED	mœ̃'keʔ
	Movima	269	COOKED	is-ʔi
	Mosetén	1850	COTTON	'bahnaʔ
	Movima	1850	COTTON	buhɗin-mori
	Chipaya	879	COUGH	tʰapi
	Mosetén	879	COUGH	'ehe-ʔe'hei
	Movima	879	COUGH	howo-kʷa
	Chipaya	761	COVER	pʰukš
	Mosetén	761	COVER	kœh'kame
	Movima	761	COVER	ɓoʔwe-na
	Chipaya	3456	CRAWL OR CREEP	kʰerwiš
	Movima	3456	CRAWL OR CREEP	wel-čo
	Chipaya	297	CROOKED	wexru
	Chipaya	297	CROOKED	ṣ̌kakxu
	Mosetén	297	CROOKED	'wek
	Movima	297	CROOKED	hapa-ɬe
	Chipaya	1033	GRIND	x̣al-š
	Chipaya	1033	GRIND	x̣awun-š
	Mosetén	1033	GRIND	muihe'yak
	Movima	1033	GRIND	latos-na
	Chipaya	1839	CRY	ḳaa-šša
	Mosetén	1839	CRY	'tari
	Movima	1839	CRY	hiyi
	Chipaya	499	CURE	ṣ̌etḳat-
	Mosetén	499	CURE	pi'ɲi-tæi
	Movima	499	CURE	ta-raɬ-poh-na
	Chipaya	8	CURSE	yooš_kastiktaṣ̌_kʰee-
	Mosetén	8	CURSE	atčis_peyak'dʸeʔ
	Movima	8	CURSE	um̉-ɓe
	Chipaya	1432	CUT	lar-š
	Chipaya	1432	CUT	rik-š
	Mosetén	1432	CUT	'tœc̷he
	Movima	1432	CUT	ɗaha-čo-na
	Chipaya	1879	DANCE	c̷axt-
	Mosetén	1879	DANCE	eroya'ki
	Movima	1879	DANCE	telo
	Mosetén	706	DARK	tox-'mai
	Movima	706	DARK	tu-βus-ni
	Chipaya	11	DARKNESS	ṣumči
	Mosetén	11	DARKNESS	yomoiʔ'ra
	Mosetén	11	DARKNESS	šo'kam
	Movima	11	DARKNESS	payaʔ-ni
	Chipaya	729	DAWN	ḳʰantati
	Mosetén	729	DAWN	nai_hui'ra
	Movima	729	DAWN	čon-mayo
	Chipaya	1225	DAY (NOT NIGHT)	tʰuɲi
	Chipaya	1225	DAY (NOT NIGHT)	noox
	Mosetén	1225	DAY (NOT NIGHT)	mayẽ'dʸeʔ
	Movima	1225	DAY (NOT NIGHT)	he-mes
	Chipaya	996	DEAF	oɲi
	Mosetén	996	DEAF	čyuhkuč
	Movima	996	DEAF	sin̉-loto
	Chipaya	1593	DEEP	ḳoši
	Mosetén	1593	DEEP	'mœč_'kaiɲ
	Movima	1593	DEEP	ku-si
	Mosetén	1936	DEER	bačyo'na
	Mosetén	1936	DEER	ɲe
	Movima	1936	DEER	ɗauhes
	Chipaya	676	SHIT (DEFECATE)	ṣ̌ḳon-š
	Mosetén	676	SHIT (DEFECATE)	wæsæ-'ki
	Movima	676	SHIT (DEFECATE)	momo-kʷa
	Chipaya	1973	DEMON	saxra
	Mosetén	1973	DEMON	so'yo
	Movima	1973	DEMON	kaini-wawa
	Chipaya	1784	WANT	pek-š
	Mosetén	1784	WANT	'maʔhe
	Movima	1784	WANT	yei-na
	Chipaya	681	DESTROY	paxlš
	Mosetén	681	DESTROY	mehya'ha
	Mosetén	681	DESTROY	ačiče'ha
	Movima	681	DESTROY	ɓa-ka-lomah-na
	Chipaya	1977	DEW	pʰewi
	Mosetén	1977	DEW	soɲoh'no_fibihbi'yeʔ
	Movima	1977	DEW	ɓeɬ-lo
	Chipaya	1418	DIG	xʷetš
	Chipaya	1418	DIG	ḳulxš
	Mosetén	1418	DIG	fa-'dʸe
	Movima	1418	DIG	woʔ-na
	Chipaya	1230	DIRTY	loč
	Chipaya	1230	DIRTY	lop-
	Chipaya	1230	DIRTY	ṣ̌oxr-
	Mosetén	1230	DIRTY	aʔ'tči
	Movima	1230	DIRTY	čo-es-ni
	Mosetén	119	DIVE	čimœ̃'dʸi
	Movima	119	DIVE	lum̉-lum̉
	Chipaya	2009	DOG	paḳu
	Mosetén	2009	DOG	ač'yo
	Movima	2009	DOG	pako
	Chipaya	1567	DOOR	čaxʷkš
	Chipaya	1567	DOOR	šana
	Mosetén	1567	DOOR	čũ-'dʸeʔ
	Movima	1567	DOOR	ra-ɗa
	Chipaya	1920	DREAM (SOMETHING)	wiy-a
	Mosetén	1920	DREAM (SOMETHING)	tami'ñi
	Movima	1920	DREAM (SOMETHING)	ɓeisi-kʷa
	Chipaya	1401	DRINK	lik-š
	Mosetén	1401	DRINK	tk'yei
	Movima	1401	DRINK	ya-lo-we
	Chipaya	2866	DROP (SOMETHING)	tʰoxt-š
	Mosetén	2866	DROP (SOMETHING)	hõ'čai
	Movima	2866	DROP (SOMETHING)	tata-βos-eɬ-na
	Chipaya	908	DRUM	kaxa
	Mosetén	908	DRUM	rikah-ri'ka
	Movima	908	DRUM	pono-tiʔi
	Chipaya	1398	DRY	ḳʰoɲi
	Mosetén	1398	DRY	'čaɲe
	Mosetén	1398	DRY	'c̷œɲe
	Movima	1398	DRY	we-rel-ni
	Chipaya	1360	DUCK	ḳaša
	Mosetén	1360	DUCK	pa'to
	Movima	1360	DUCK	kon̉-kore
	Chipaya	2	DUST	ṣ̌ḳeti
	Mosetén	2	DUST	pœ'dai
	Mosetén	2	DUST	'hak
	Movima	2	DUST	βus-kʷa
	Chipaya	1247	EAR	kʰuɲi
	Mosetén	1247	EAR	'čuiɲ
	Movima	1247	EAR	lon̉-toto
	Chipaya	1228	EARTH (SOIL)	yoḳa
	Mosetén	1228	EARTH (SOIL)	yuči'haʔ
	Mosetén	1228	EARTH (SOIL)	'hak
	Movima	1228	EARTH (SOIL)	ɬakam̉-ɓa
	Chipaya	1336	EAT	luxl-
	Chipaya	1336	EAT	luxl-š
	Mosetén	1336	EAT	sakse-'ha
	Movima	1336	EAT	kai-kai
	Chipaya	744	EGG	šiɲi
	Mosetén	744	EGG	fen
	Movima	744	EGG	hoɬ-kʷa
	Chipaya	981	ELBOW	kʰuxc̷
	Mosetén	981	ELBOW	c̷oʔt'ki
	Movima	981	ELBOW	ɓaru-kʷa
	Chipaya	928	EMBRACE	ṣ̌koxr-š
	Mosetén	928	EMBRACE	nokeiʔ'heʔ
	Movima	928	EMBRACE	huɬ-na
	Chipaya	1624	EMPTY	laači
	Mosetén	1624	EMPTY	tdã'rã
	Movima	1624	EMPTY	hem-me
	Chipaya	1358	ENEMY	kintra_ṣ̌oɲi
	Mosetén	1358	ENEMY	fwa'kitč
	Movima	1358	ENEMY	al-či
	Chipaya	749	ENTER	luṣ̌
	Mosetén	749	ENTER	si'tih
	Mosetén	749	ENTER	si'tiʔ
	Movima	749	ENTER	am-on
	Chipaya	1629	EVENING	šeši
	Mosetén	1629	EVENING	yo'moi
	Movima	1629	EVENING	wa-lai-lo
	Chipaya	98	ALL	ḳʰutu
	Chipaya	98	ALL	šapa
	Mosetén	98	ALL	e'rehtum
	Movima	98	ALL	ɓa-ra
	Mosetén	127	EXTINGUISH	kibe'he
	Movima	127	EXTINGUISH	ros-na
	Chipaya	1248	EYE	č̣ʰuxki
	Mosetén	1248	EYE	beh
	Movima	1248	EYE	čo-ra
	Mosetén	1173	EYEBROW	huuf'wai
	Movima	1173	EYEBROW	ɓaɬ-ra-kʷa
	Chipaya	1540	EYELASH	č̣ʰuxkc̷ems
	Mosetén	1540	EYELASH	čii'čim
	Movima	1540	EYELASH	lowan-ɗi
	Chipaya	1560	FACE	yuxk
	Mosetén	1560	FACE	beh-'yaʔ
	Movima	1560	FACE	mora-kʷa
	Chipaya	1280	FALL	eš
	Chipaya	1280	FALL	txoḳ-
	Mosetén	1280	FALL	hõ'čai
	Movima	1280	FALL	tam̉-βos-eɬ
	Mosetén	360	FAN (ACTION)	fuhfuh'yih
	Movima	360	FAN (ACTION)	hum̉-čeɬ
	Chipaya	1406	FAR	nakʰu
	Mosetén	1406	FAR	'mutč
	Movima	1406	FAR	kiʔ-lah
	Chipaya	1217	FATHER	exp
	Mosetén	1217	FATHER	'tata
	Mosetén	1217	FATHER	'ata
	Movima	1217	FATHER	paʔa
	Chipaya	781	FEAR (FRIGHT)	c̷ukči
	Chipaya	781	FEAR (FRIGHT)	eḳš
	Chipaya	781	FEAR (FRIGHT)	isḳs
	Mosetén	781	FEAR (FRIGHT)	'noiye-dʸeʔ
	Movima	781	FEAR (FRIGHT)	tino-ka
	Chipaya	1201	FEATHER	pʰaši
	Mosetén	1201	FEATHER	paiɲ
	Movima	1201	FEATHER	mumun̉-kʷa
	Chipaya	404	ALCOHOL (FERMENTED DRINK)	keši
	Mosetén	404	ALCOHOL (FERMENTED DRINK)	'čukye
	Mosetén	404	ALCOHOL (FERMENTED DRINK)	šokdʸeʔ
	Movima	404	ALCOHOL (FERMENTED DRINK)	poʔ-so
	Chipaya	212	FIELD	šḳala
	Mosetén	212	FIELD	kiho-'dʸeʔ
	Movima	212	FIELD	ɓai-ɬim
	Chipaya	1423	FIGHT	kʰat-š
	Chipaya	1423	FIGHT	ḳičaš
	Mosetén	1423	FIGHT	ye'woti
	Movima	1423	FIGHT	haraɬ
	Chipaya	719	FIND	waxt-
	Mosetén	719	FIND	da'keʔ
	Movima	719	FIND	duma-ye
	Chipaya	1303	FINGER	lokˀana
	Mosetén	1303	FINGER	či'rihri
	Movima	1303	FINGER	ɗimpa
	Chipaya	1258	FINGERNAIL	is-ɲi
	Mosetén	1258	FINGERNAIL	'patki
	Movima	1258	FINGERNAIL	čo-rimpa
	Chipaya	1766	FINISH	č̣ʰaḳ
	Chipaya	1766	FINISH	miranš
	Mosetén	1766	FINISH	e'reʔi
	Movima	1766	FINISH	ɓa-lomah
	Chipaya	221	FIRE	ux
	Mosetén	221	FIRE	'c̷ih
	Movima	221	FIRE	βeʔe
	Chipaya	10	FIREWOOD	ṣ̌up
	Mosetén	10	FIREWOOD	'c̷ih
	Movima	10	FIREWOOD	koʔo
	Chipaya	227	FISH	čˀiš
	Chipaya	227	FISH	c̷ˀirḳa
	Mosetén	227	FISH	ta'bedʸe
	Movima	227	FISH	ɓi-lau
	Mosetén	388	FISHNET	sa'hiʔ
	Chipaya	1633	FLAT	lʸanu
	Mosetén	1633	FLAT	'kœc̷
	Movima	1633	FLAT	im-kaka-wah-ni
	Mosetén	232	FLEA	miix
	Chipaya	956	FLEE	atipš
	Mosetén	956	FLEE	kahõ'baɲ
	Mosetén	956	FLEE	kahõi
	Movima	956	FLEE	hai-wane-ɬe
	Mosetén	1574	FLOAT	wo'šiʔ
	Movima	1574	FLOAT	pam̉-pam̉
	Chipaya	2003	FLOW	oxk-š
	Mosetén	2003	FLOW	ča'ĩ
	Movima	2003	FLOW	sa-βau-tiʔi
	Chipaya	239	FLOWER	pʰaxḳalʸa
	Mosetén	239	FLOWER	haa'me
	Movima	239	FLOWER	morin-kʷa
	Chipaya	777	FLUTE	pirkalʸu
	Mosetén	777	FLUTE	buɲe-'dʸeʔ
	Movima	777	FLUTE	polauta
	Chipaya	1504	FLY (INSECT)	lorakana
	Mosetén	1504	FLY (INSECT)	heroh'ro
	Movima	1504	FLY (INSECT)	ɗumui
	Chipaya	1441	FLY (MOVE THROUGH AIR)	layš
	Mosetén	1441	FLY (MOVE THROUGH AIR)	'ɲai
	Movima	1441	FLY (MOVE THROUGH AIR)	ha-βuh-ɓuʔu
	Mosetén	249	FOG	yikbaba-'dʸeʔ
	Movima	249	FOG	βu-ɓuh-ni
	Chipaya	1085	FOLLOW	apš
	Chipaya	1085	FOLLOW	tira
	Mosetén	1085	FOLLOW	kœčœʔču'te
	Movima	1085	FOLLOW	kʷei-na
	Chipaya	256	FOOD	č̣ʰeri
	Mosetén	256	FOOD	sakse-'dʸe
	Movima	256	FOOD	kana
	Chipaya	1301	FOOT	ḳx̣oxča
	Mosetén	1301	FOOT	yœh
	Movima	1301	FOOT	ɓari-kʷa
	Mosetén	318	FOOTPRINT	yœh
	Mosetén	318	FOOTPRINT	yœh-mœ̃
	Chipaya	123	FOREHEAD	aya
	Mosetén	123	FOREHEAD	'haafi
	Movima	123	FOREHEAD	ɓe-ra
	Chipaya	1523	FORGET	tʰat-š
	Chipaya	1523	FORGET	tx̣at-š
	Chipaya	1523	FORGET	tʰwat-š
	Mosetén	1523	FORGET	'ɲakin_tu'baɲ
	Movima	1523	FORGET	kiʔ-lai-ni
	Chipaya	1325	FRIEND	amiku
	Mosetén	1325	FRIEND	penʔ'dʸe
	Movima	1325	FRIEND	al-ra
	Chipaya	503	FROG	škiča
	Mosetén	503	FROG	o'koku
	Movima	503	FROG	siɓa
	Chipaya	1883	IN FRONT OF	yuxkkiš
	Mosetén	1883	IN FRONT OF	tac̷'če
	Movima	1883	IN FRONT OF	em-ɓura-ɗaʔa
	Mosetén	1507	FRUIT	weš
	Mosetén	1507	FRUIT	'tatu
	Movima	1507	FRUIT	ɓaɓa-kʷa
	Chipaya	1429	FULL	čʰixpi
	Chipaya	1429	FULL	pˀata
	Mosetén	1429	FULL	'bun
	Movima	1429	FULL	ɗol-ra
	Chipaya	580	FUR	čara
	Movima	580	FUR	risa-kʷa
	Chipaya	694	GET	kunsik-
	Mosetén	694	GET	da'keʔ
	Movima	694	GET	ɓaʔ-kʷi
	Movima	1175	GHOST	en̉-en-ra
	Chipaya	1646	GIRL	uš
	Mosetén	1646	GIRL	mi'ki-s
	Movima	1646	GIRL	ɗiči-ye
	Chipaya	1447	GIVE	tʰaa-
	Mosetén	1447	GIVE	sõʔme'ye
	Movima	1447	GIVE	kaya-ɬe
	Chipaya	695	GO	oxḳ-
	Mosetén	695	GO	ho'baɲ
	Movima	695	GO	hoi-wa
	Chipaya	1752	LEAVE	ek-š
	Chipaya	1752	LEAVE	šarak
	Mosetén	1752	LEAVE	hõ'baɲ
	Mosetén	1752	LEAVE	hõ'baiʔ
	Movima	1752	LEAVE	nan-ɗuʔ-wa
	Chipaya	2014	GO DOWN (DESCEND)	čʰixʷ-š
	Mosetén	2014	GO DOWN (DESCEND)	ča'baɲ
	Mosetén	2014	GO DOWN (DESCEND)	'kasti
	Movima	2014	GO DOWN (DESCEND)	tam̉-ɓa-ɬe
	Chipaya	1107	GO OUT	ulan-š
	Mosetén	1107	GO OUT	'syupki
	Movima	1107	GO OUT	čiči
	Chipaya	705	GO UP (ASCEND)	yaw-
	Mosetén	705	GO UP (ASCEND)	'ɲic̷iʔ
	Movima	705	GO UP (ASCEND)	wele-ɬe
	Chipaya	1035	GOOD	šuma
	Chipaya	1035	GOOD	wali
	Mosetén	1035	GOOD	'hem
	Mosetén	1035	GOOD	hemd'si
	Movima	1035	GOOD	ɗo-koi
	Movima	411	GOURD	sawam-po
	Chipaya	1383	GRANDFATHER	matɲilʸa
	Mosetén	1383	GRANDFATHER	wui'ʔa
	Movima	1383	GRANDFATHER	nonoʔo
	Chipaya	1496	GRANDMOTHER	matilʸa
	Mosetén	1496	GRANDMOTHER	he'ye
	Movima	1496	GRANDMOTHER	nonoʔo
	Chipaya	606	GRASS	sarḳi
	Chipaya	606	GRASS	toyi
	Mosetén	606	GRASS	bi'ruruʔ
	Movima	606	GRASS	ɗi-mas
	Chipaya	323	FAT (ORGANIC SUBSTANCE)	kʰewa
	Mosetén	323	FAT (ORGANIC SUBSTANCE)	'čœye
	Movima	323	FAT (ORGANIC SUBSTANCE)	mes-kʷa
	Chipaya	1425	GREEN	čˀoxɲa
	Mosetén	1425	GREEN	šan-'dʸes
	Movima	1425	GREEN	noʔna
	Mosetén	1958	UNRIPE	ho'hoi
	Movima	1958	UNRIPE	mol-ra
	Chipaya	479	GROW	paxḳ-š
	Mosetén	479	GROW	pa'ɲi
	Movima	479	GROW	ɓihau-ni
	Chipaya	2648	HAIR (HEAD)	čara
	Mosetén	2648	HAIR (HEAD)	'fin
	Movima	2648	HAIR (HEAD)	risa-kʷa
	Chipaya	816	HALF	čika
	Mosetén	816	HALF	čok'yaki
	Movima	816	HALF	tam-pin̉
	Chipaya	1277	HAND	ḳxara
	Mosetén	1277	HAND	uɲ
	Movima	1277	HAND	čopa
	Chipaya	1884	HARD	tʰupi
	Mosetén	1884	HARD	yæ'ka
	Movima	1884	HARD	ɗin̉-ra
	Chipaya	773	HAVE	ṣ̌exl-
	Mosetén	773	HAVE	moʔ'yaʔ
	Movima	773	HAVE	ninin-ɬa
	Chipaya	549	COPULATE	ɲek-š
	Chipaya	549	COPULATE	iš
	Mosetén	549	COPULATE	neema'ki
	Chipaya	307	HAWK	ṣ̌ḳara
	Chipaya	307	HAWK	mamani
	Chipaya	1256	HEAD	ača
	Mosetén	1256	HEAD	xuʔ'no
	Movima	1256	HEAD	ba-kʷakʷa
	Chipaya	1408	HEAR	non-š
	Mosetén	1408	HEAR	tči'kaksi
	Movima	1408	HEAR	pa-loto
	Chipaya	1223	HEART	ḳuš
	Chipaya	1223	HEART	tuši
	Mosetén	1223	HEART	'kohki
	Movima	1223	HEART	hasɬa-wanra
	Chipaya	1210	HEAVY	liksi
	Mosetén	1210	HEAVY	hauh'ki
	Movima	1210	HEAVY	ɗinoʔ-ni
	Movima	980	HEEL	ɓasi-kʷa
	Chipaya	1897	HELP	yanap
	Mosetén	1897	HELP	'nyœčiti'ka
	Movima	1897	HELP	al-pa-na
	Chipaya	162	HICCOUGH	xikˀi-š
	Mosetén	162	HICCOUGH	kami'ti
	Mosetén	162	HICCOUGH	fwent'ki
	Movima	162	HICCOUGH	ɬeʔ-kʷa
	Chipaya	602	HIDE (CONCEAL)	čʰox-š
	Mosetén	602	HIDE (CONCEAL)	hihmœsi'ti
	Movima	602	HIDE (CONCEAL)	kʷala-ra
	Movima	1448	HOLD	eu-na
	Chipaya	1667	HOLE	pʰeta
	Mosetén	1667	HOLE	'to
	Movima	1667	HOLE	raɬ-čočo
	Chipaya	46	HOLLOW OUT	xwetš
	Chipaya	942	HONEY	miskˀi
	Mosetén	942	HONEY	ku'ruma
	Mosetén	942	HONEY	ko'roma
	Movima	942	HONEY	čuiɗin-lo
	Chipaya	1393	HORN (ANATOMY)	irke_irke
	Mosetén	1393	HORN (ANATOMY)	da'šœʔ
	Movima	1393	HORN (ANATOMY)	čan-kʷa
	Chipaya	1286	HOT	ḳʰaḳi
	Mosetén	1286	HOT	ha'pak
	Movima	1286	HOT	kʷah-les
	Chipaya	1252	HOUSE	ḳʰuya
	Mosetén	1252	HOUSE	aʔka
	Movima	1252	HOUSE	as-na
	Chipaya	1239	HOW	xaknuš
	Mosetén	1239	HOW	'hoiɲka
	Movima	1239	HOW	han-win̉
	Chipaya	1864	HUNGER	eek-š
	Mosetén	1864	HUNGER	'daki
	Movima	1864	HUNGER	mau-ʔi
	Chipaya	1435	HUNT	parina_xwaxti_oxḳ
	Mosetén	1435	HUNT	dæ'ræi
	Movima	1435	HUNT	ɓay-eɬ
	Chipaya	1200	HUSBAND	luko
	Chipaya	1200	HUSBAND	luktaḳa
	Mosetén	1200	HUSBAND	wem-t'ye
	Movima	1200	HUSBAND	al-wah
	Chipaya	1289	BABY	čula
	Mosetén	1289	BABY	xuih'ɲo
	Movima	1289	BABY	tami-ɓa
	Chipaya	1606	INSIDE	maxk-
	Mosetén	1606	INSIDE	ok'haɲ
	Movima	1606	INSIDE	čo-ɗowi
	Chipaya	1463	DRUNK	likči
	Mosetén	1463	DRUNK	šyu'ki
	Movima	1463	DRUNK	laya-kʷa
	Mosetén	798	JAW	be'kaʔ
	Movima	798	JAW	kʷinto-nun
	Chipaya	1743	JOIN	c̷ʰiiḳaš_c̷ʰis
	Mosetén	1743	JOIN	'kœčbanʔ
	Movima	1743	JOIN	in̉-na
	Chipaya	1829	JUMP	layš
	Mosetén	1829	JUMP	roiʔ'yiʔ
	Movima	1829	JUMP	ɗes-čeɬ
	Chipaya	489	KIDNEY	škoši
	Mosetén	489	KIDNEY	kain-'dʸe
	Movima	489	KIDNEY	torin-ɗi
	Chipaya	1417	KILL	kon-
	Mosetén	1417	KILL	i'hai
	Mosetén	1417	KILL	i'hak-si
	Movima	1417	KILL	tikoi-na
	Chipaya	1371	KNEE	owa
	Mosetén	1371	KNEE	kaš
	Mosetén	1371	KNEE	kaaš
	Movima	1371	KNEE	ɓamo-kʷa
	Chipaya	66	KNEEL	kilʸ-š
	Chipaya	66	KNEEL	kilʸxat-š
	Mosetén	66	KNEEL	yœc̷iʔi
	Movima	66	KNEEL	en-či-na-mo
	Chipaya	1410	KNOW (SOMETHING)	paxš
	Chipaya	1410	KNOW (SOMETHING)	šiš
	Mosetén	1410	KNOW (SOMETHING)	tči'yæ
	Movima	1410	KNOW (SOMETHING)	o-na-ra-na
	Chipaya	624	LAKE	x̣oči
	Movima	624	LAKE	pou-lo
	Chipaya	320	LAME	šuču
	Mosetén	320	LAME	wei-wei-'yič
	Movima	320	LAME	tes-ka-ɗi-wa
	Chipaya	1307	LANGUAGE	taḳu
	Mosetén	1307	LANGUAGE	peyak-'dʸe
	Movima	1307	LANGUAGE	al-wani-wanas
	Chipaya	1202	BIG	paḳʰi
	Chipaya	1202	BIG	nuk-ta
	Mosetén	1202	BIG	'dersi
	Movima	1202	BIG	mereʔe
	Chipaya	1355	LAUGH	tx̣as
	Chipaya	1355	LAUGH	x̣ar-x̣ar-š
	Mosetén	1355	LAUGH	dʸi'si
	Movima	1355	LAUGH	ho-si-čeɬ
	Chipaya	1564	LAZY	xayra
	Mosetén	1564	LAZY	to'oč
	Movima	1564	LAZY	kʷayi-ma
	Chipaya	628	LEAF	čʰaɲi
	Chipaya	628	LEAF	šika
	Mosetén	628	LEAF	'šan
	Movima	628	LEAF	loran-kʷa
	Chipaya	244	LEFT	šḳara
	Mosetén	244	LEFT	'kim
	Movima	244	LEFT	ho-li
	Chipaya	1297	LEG	lis
	Mosetén	1297	LEG	xœɲœk
	Movima	1297	LEG	ɬari-kʷa
	Chipaya	319	LICK	is
	Mosetén	319	LICK	enam'he
	Movima	319	LICK	ɗoi-na
	Chipaya	215	LIE DOWN	axpš
	Mosetén	215	LIE DOWN	čuden'yi
	Movima	215	LIE DOWN	ɗe-čeɬ
	Chipaya	601	LIE (MISLEAD)	toskara
	Chipaya	601	LIE (MISLEAD)	ḳˀot-š
	Mosetén	601	LIE (MISLEAD)	we'ñei
	Mosetén	601	LIE (MISLEAD)	weɲ'yei
	Movima	601	LIE (MISLEAD)	tiha-si
	Chipaya	1052	LIGHT (WEIGHT)	kʰeši
	Chipaya	1052	LIGHT (WEIGHT)	waṣ̌a
	Mosetén	1052	LIGHT (WEIGHT)	'hifris
	Movima	1052	LIGHT (WEIGHT)	sa-ɗoi-ni
	Chipaya	630	LIGHT (RADIATION)	kx̣ana
	Mosetén	630	LIGHT (RADIATION)	õrõ'taʔ
	Movima	630	LIGHT (RADIATION)	hel-ra
	Chipaya	737	LIGHT (IGNITE)	pek-š
	Chipaya	737	LIGHT (IGNITE)	ux_peḳ-š
	Mosetén	737	LIGHT (IGNITE)	pas'se
	Movima	737	LIGHT (IGNITE)	ɓa-ta-les
	Chipaya	1654	LIGHTNING	lʸiwx_lʸiwxɲi
	Mosetén	1654	LIGHTNING	'perere
	Movima	1654	LIGHTNING	yam-pa
	Chipaya	478	LIP	atpulu
	Mosetén	478	LIP	čõ
	Movima	478	LIP	ɗosɬa-kʷa
	Chipaya	1242	FEW	yačalʸa
	Mosetén	1242	FEW	mi'ki
	Movima	1242	FEW	ɓei-ra
	Chipaya	1224	LIVER	pʰaaxtš
	Mosetén	1224	LIVER	na'kač
	Movima	1224	LIVER	sonɗo
	Chipaya	632	LIZARD	pʰixšḳa
	Mosetén	632	LIZARD	kušifu're
	Movima	632	LIZARD	sikoʔya
	Chipaya	1203	LONG	laxč-a
	Mosetén	1203	LONG	mot'ča-tk
	Mosetén	1203	LONG	mot'ča-s
	Movima	1203	LONG	ku-ra
	Chipaya	1819	LOOK	čerš
	Chipaya	1819	LOOK	č̣ekš
	Mosetén	1819	LOOK	ka'be-te
	Movima	1819	LOOK	βel-na
	Chipaya	377	LOUD	altu
	Mosetén	377	LOUD	mædʸe_tomʔsi
	Movima	377	LOUD	ɗitas-ɬe
	Chipaya	1392	LOUSE	sami
	Mosetén	1392	LOUSE	'c̷ix
	Movima	1392	LOUSE	ɗamʔi
	Chipaya	923	LOVE	muna-ši
	Mosetén	923	LOVE	mahiti'dʸe
	Movima	923	LOVE	kʷah-es-na
	Chipaya	688	LUNG	č̣ʰoxri
	Mosetén	688	LUNG	šaba'bač
	Movima	688	LUNG	pulmone
	Chipaya	506	MAIZE	tara
	Mosetén	506	MAIZE	'tara
	Movima	506	MAIZE	kʷah-taʔa
	Chipaya	1554	MAN	luktaḳa
	Chipaya	1554	MAN	ṣ̌oɲi
	Mosetén	1554	MAN	'c̷oɲ
	Movima	1554	MAN	iti-la-kʷa
	Chipaya	203	MARRY	šal-š
	Mosetén	203	MARRY	we'mi
	Movima	203	MARRY	na-ye
	Mosetén	195	MAT	to'bo
	Mosetén	195	MAT	to'woh
	Movima	195	MAT	powol
	Chipaya	1594	FLOUR	xakˀu
	Movima	1594	FLOUR	arina-βas
	Chipaya	634	MEAT	čʰišwi
	Mosetén	634	MEAT	šœš
	Movima	634	MEAT	waka-toɗa
	Chipaya	1372	MEDICINE	ḳulʸa
	Mosetén	1372	MEDICINE	piɲi-'dʸe
	Movima	1372	MEDICINE	lawahes
	Chipaya	1831	MEET	šal-
	Mosetén	1831	MEET	tæhiti'ka
	Movima	1831	MEET	kah-a-ɬe
	Chipaya	3208	CENTER OR MIDDLE	taypi
	Chipaya	3208	CENTER OR MIDDLE	taypi-kiš
	Mosetén	3208	CENTER OR MIDDLE	dʸakaɲ'yaʔ
	Movima	3208	CENTER OR MIDDLE	tam-pin̉-ni
	Chipaya	635	MILK	liči
	Mosetén	635	MILK	e'reče
	Movima	635	MILK	non-lo
	Mosetén	1350	MONKEY	bu'yu
	Movima	1350	MONKEY	si-ɗoh
	Chipaya	1313	MOON	xiiš
	Mosetén	1313	MOON	'iwa
	Movima	1313	MOON	yeh-čo
	Chipaya	1339	MORNING	wenši
	Chipaya	1339	MORNING	wenš
	Movima	1339	MORNING	i-mayo
	Mosetén	1509	MOSQUITO	õ'toʔ
	Movima	1509	MOSQUITO	kawun̉
	Chipaya	1216	MOTHER	mama
	Chipaya	1216	MOTHER	maa
	Mosetén	1216	MOTHER	'nonoʔ
	Movima	1216	MOTHER	maʔa
	Chipaya	674	MOUTH	ata
	Mosetén	674	MOUTH	čõ
	Movima	674	MOUTH	kʷana-kʷa
	Chipaya	765	MOVE	ḳis-ḳis
	Chipaya	765	MOVE	tʰišin-š
	Mosetén	765	MOVE	mo'hočaʔ'he
	Movima	765	MOVE	i-ye-ni
	Chipaya	1198	MANY	yuḳxu
	Chipaya	1198	MANY	yuxḳpača
	Mosetén	1198	MANY	'tdai
	Movima	1198	MANY	kau-ra
	Chipaya	208	NASAL MUCUS (SNOT)	oša
	Mosetén	208	NASAL MUCUS (SNOT)	šũ'šu
	Mosetén	208	NASAL MUCUS (SNOT)	a'ha
	Movima	208	NASAL MUCUS (SNOT)	noro-čičimɬa
	Chipaya	640	MUD	lxoki
	Mosetén	640	MUD	bo'hka
	Movima	640	MUD	ɓuɓun̉-kʷa
	Mosetén	641	MUSHROOM	bi'tatu
	Movima	641	MUSHROOM	wolototo
	Chipaya	1666	MUTE	upa
	Mosetén	1666	MUTE	he'pepe
	Movima	1666	MUTE	lol-wani-wansi
	Chipaya	590	NAKED	ḳˀalapača
	Chipaya	590	NAKED	ḳˀala
	Mosetén	590	NAKED	kæ'dæ
	Movima	590	NAKED	banne
	Chipaya	1405	NAME	tʰuu
	Mosetén	1405	NAME	tic̷
	Mosetén	1405	NAME	tih
	Movima	1405	NAME	eɬe
	Chipaya	1267	NARROW	ṣ̌kʰuxku
	Mosetén	1267	NARROW	sumkaɲ
	Movima	1267	NARROW	to-čiʔ-čo
	Chipaya	1838	NAVEL	toɲi
	Mosetén	1838	NAVEL	u'yu
	Movima	1838	NAVEL	ɗim-mo-kʷa
	Chipaya	1942	NEAR	xeeku
	Mosetén	1942	NEAR	'tčei'ỹaʔ
	Movima	1942	NEAR	su-we
	Chipaya	1333	NECK	ḳaši
	Mosetén	1333	NECK	tœh
	Mosetén	1333	NECK	be'kaʔ
	Movima	1333	NECK	woroʔo
	Chipaya	1961	NECKLACE	x̣orkiṣ̌a
	Mosetén	1961	NECKLACE	tʸikak-'dʸeʔ
	Movima	1961	NECKLACE	nowe-ɗi
	Chipaya	1382	NEEDLE (FOR SEWING)	ḳola
	Mosetén	1382	NEEDLE (FOR SEWING)	yoo'keʔ
	Movima	1382	NEEDLE (FOR SEWING)	mo-ɗin-ɬaris
	Movima	1063	NEPHEW	yani-kai
	Chipaya	539	NEST	tʰura
	Mosetén	539	NEST	tix'mo
	Movima	539	NEST	ɓaɓaɬ-kʷa
	Chipaya	1231	NEW	ewu
	Mosetén	1231	NEW	'maikit
	Mosetén	1231	NEW	'maisis
	Movima	1231	NEW	pola-ra
	Chipaya	1233	NIGHT	wen
	Chipaya	1233	NIGHT	ween
	Mosetén	1233	NIGHT	c̷edʸẽ'dʸeʔ
	Movima	1233	NIGHT	i-mai-ni
	Chipaya	1269	NO	ana
	Mosetén	1269	NO	'ham
	Movima	1269	NO	ka-ʔi
	Chipaya	1221	NOSE	oša
	Mosetén	1221	NOSE	'hoi
	Movima	1221	NOSE	ɓači-kʷa
	Chipaya	1376	NOW	aɲ
	Chipaya	1376	NOW	xašiki
	Mosetén	1376	NOW	khin
	Movima	1376	NOW	al-ka-βa
	Chipaya	1229	OLD	čawkʷa
	Mosetén	1229	OLD	'išo
	Movima	1229	OLD	ɓi-hau
	Chipaya	406	OLD MAN	čawk-
	Chipaya	406	OLD MAN	čawkʷa
	Mosetén	406	OLD MAN	'išu_'c̷oɲ
	Movima	406	OLD MAN	ɓitoʔo
	Chipaya	907	OLD WOMAN	čawkʷa
	Chipaya	907	OLD WOMAN	matilʸa
	Mosetén	907	OLD WOMAN	'išu_pheɲ
	Movima	907	OLD WOMAN	ɓitoʔo
	Chipaya	1759	OLDER BROTHER	xila
	Mosetén	1759	OLDER BROTHER	wo'xi-t-i'su
	Movima	1759	OLDER BROTHER	a-kai
	Mosetén	1758	OLDER SISTER	wo'xi-ʔ-i'su
	Movima	1758	OLDER SISTER	a-kai
	Chipaya	1156	OPEN	kʰet-
	Mosetén	1156	OPEN	wa'nakheʔ
	Movima	1156	OPEN	kel-na
	Chipaya	1149	ORPHAN	axara
	Mosetén	1149	ORPHAN	wa'čaɲ
	Movima	1149	ORPHAN	ɓata-yah
	Chipaya	762	OUTSIDE	šanku
	Mosetén	762	OUTSIDE	ho'rohyaʔ
	Movima	762	OUTSIDE	ɓan̉-kʷan-ɬe
	Chipaya	735	OWL	ḳoṣ̌ka
	Mosetén	735	OWL	oʔbo'yoʔ
	Movima	735	OWL	suwuwunta
	Chipaya	1783	PAIN	lʸaki
	Chipaya	1783	PAIN	ay-in-š
	Mosetén	1783	PAIN	areʔe'rei
	Movima	1783	PAIN	tiβih
	Chipaya	1183	PALM OF HAND	ḳx̣arkota
	Mosetén	1183	PALM OF HAND	uɲ'kha
	Chipaya	505	PARENTS	maa-exp
	Movima	505	PARENTS	ɓihaha-wa
	Chipaya	882	PARROT	loru
	Mosetén	882	PARROT	ku'c̷ibi
	Mosetén	882	PARROT	ut'ki
	Mosetén	882	PARROT	awa'rõ
	Mosetén	882	PARROT	twa
	Mosetén	882	PARROT	i'yaʔ
	Movima	882	PARROT	sariɗi
	Chipaya	2252	PATH	xikš
	Mosetén	2252	PATH	'mahmi
	Movima	2252	PATH	to-waneɬ
	Mosetén	275	PEEL	'c̷aka'ɲet
	Movima	275	PEEL	tos-na
	Chipaya	1222	PENIS	ḳʰixški
	Mosetén	1222	PENIS	'dʸoʔ
	Movima	1222	PENIS	teya-kʷa
	Chipaya	683	PERSON	ṣ̌oɲi
	Mosetén	683	PERSON	'mointki
	Movima	683	PERSON	huye-ni
	Chipaya	225	PESTLE	tʰaax
	Chipaya	225	PESTLE	txʷaax
	Mosetén	225	PESTLE	ko'čakis
	Movima	225	PESTLE	ɓarin-kʷa
	Mosetén	371	PICK UP	wahmu'yače
	Movima	371	PICK UP	wai-na
	Chipaya	1337	PIG	ḳiri
	Chipaya	1337	PIG	kˀami
	Mosetén	1337	PIG	ku'c̷i
	Movima	1337	PIG	koči
	Mosetén	1576	PILE UP	dœriʔyœ'če
	Movima	1576	PILE UP	sotaʔ-loɓa-na
	Mosetén	378	PINCH	doo'c̷eʔ
	Movima	378	PINCH	ɓin̉-na
	Chipaya	652	PLAIN	šḳala
	Mosetén	652	PLAIN	tah'ɲi
	Mosetén	652	PLAIN	bæɲi'ka
	Movima	652	PLAIN	ɓen̉-ʔi
	Chipaya	1486	PLANT (SOMETHING)	čʰixš
	Chipaya	1486	PLANT (SOMETHING)	č̣ʰakš
	Mosetén	1486	PLANT (SOMETHING)	kœti'dʸeʔ
	Mosetén	1486	PLANT (SOMETHING)	kik
	Movima	1486	PLANT (SOMETHING)	wul-na
	Chipaya	1413	PLAY	uṣ̌in-š
	Mosetén	1413	PLAY	'mahmai
	Movima	1413	PLAY	kʷina-naʔa
	Chipaya	1674	POOR	pori
	Mosetén	1674	POOR	ɲi'bet
	Movima	1674	POOR	kʷah-pa
	Chipaya	3653	COOKING POT	ḳʰuč̣a
	Mosetén	3653	COOKING POT	ta'dʸič
	Movima	3653	COOKING POT	wutu
	Chipaya	593	POTATO	ḳiša
	Mosetén	593	POTATO	'papa
	Movima	593	POTATO	papa
	Chipaya	1913	PRESS	ɲeḳ-š
	Mosetén	1913	PRESS	'yutʸeʔ
	Movima	1913	PRESS	roma-čo
	Chipaya	1455	PULL	hoo-
	Mosetén	1455	PULL	soi'heʔ
	Mosetén	1455	PULL	bu'be
	Movima	1455	PULL	ɬowe-ɬe
	Mosetén	864	PUMPKIN	'sobo
	Mosetén	864	PUMPKIN	'šobo
	Movima	864	PUMPKIN	sawam-po
	Mosetén	1047	PURSUE	'hinčakeʔ
	Movima	1047	PURSUE	kʷeya-seɬ-na
	Mosetén	1808	PUS	hunu'yeʔ
	Movima	1808	PUS	ɗon̉-lowa
	Chipaya	1452	PUSH	tor-š
	Mosetén	1452	PUSH	tak
	Movima	1452	PUSH	use-ɬe
	Chipaya	998	PUT	non-š
	Mosetén	998	PUT	yœ̃'če
	Movima	998	PUT	ɓan̉-na
	Chipaya	658	RAIN (PRECIPITATION)	čixɲi
	Mosetén	658	RAIN (PRECIPITATION)	a'ɲe
	Movima	658	RAIN (PRECIPITATION)	luʔluʔu
	Chipaya	1733	RAINBOW	kumari
	Mosetén	1733	RAINBOW	opi'tu
	Movima	1733	RAINBOW	koʔo-čaʔa
	Chipaya	501	LIFT	waytˀiš
	Mosetén	501	LIFT	'čeʔ'heʔ
	Movima	501	LIFT	pota-mo
	Chipaya	1959	RAW	ḳaata
	Mosetén	1959	RAW	yã
	Mosetén	1959	RAW	nyã
	Movima	1959	RAW	mol-ra
	Chipaya	1387	ARRIVE	irantiš
	Mosetén	1387	ARRIVE	'wen'čui
	Movima	1387	ARRIVE	hoʔ-yah
	Chipaya	156	RED	lxok
	Mosetén	156	RED	heih'natč
	Mosetén	156	RED	heih'nas
	Movima	156	RED	rapal
	Chipaya	1644	RELATIVES	parinti
	Mosetén	1644	RELATIVES	četi-'dʸe
	Movima	1644	RELATIVES	al-kaka-ye
	Chipaya	707	REMEMBER	kʰuɲ-š
	Mosetén	707	REMEMBER	yihye'baɲ
	Movima	707	REMEMBER	to-ɓaičo
	Chipaya	168	REST	xex-s
	Chipaya	168	REST	xex-š
	Mosetén	168	REST	hihoči'ti
	Movima	168	REST	ah-teteh
	Chipaya	801	RIB	paki
	Mosetén	801	RIB	ma'raʔ
	Movima	801	RIB	ɓeβes-kʷakʷa
	Chipaya	1019	RIGHT	ṣ̌ewa
	Mosetén	1019	RIGHT	'tak
	Movima	1019	RIGHT	čo-ni
	Mosetén	1374	RING	son'tika
	Movima	1374	RING	sortiha
	Chipaya	178	RIPE	wexlši
	Mosetén	178	RIPE	'ĩhc̷i
	Movima	178	RIPE	ɓeu-ni
	Movima	827	ROLL	pila-čo
	Chipaya	769	ROOF	pʰit
	Mosetén	769	ROOF	kaʔtap'haʔ
	Mosetén	769	ROOF	'kahtapha
	Movima	769	ROOF	ko-re
	Chipaya	670	ROOT	šepˀa
	Chipaya	670	ROOT	lxomi
	Mosetén	670	ROOT	iri'bin
	Movima	670	ROOT	ɗuɗuɬ-kʷa
	Chipaya	1218	ROPE	ḳoxč
	Mosetén	1218	ROPE	tĩ'dʸeʔ
	Movima	1218	ROPE	ɗaβul-čo-ɗi
	Chipaya	1728	ROTTEN	moxkči
	Mosetén	1728	ROTTEN	fo'koi
	Movima	1728	ROTTEN	ɗon̉-ra-ni
	Chipaya	1923	ROUGH	č̣ʰax̣ta
	Mosetén	1923	ROUGH	šek'tač
	Mosetén	1923	ROUGH	šek'tæs
	Movima	1923	ROUGH	ča-puh-ni
	Chipaya	1449	RUB	xʷixtša
	Movima	1449	RUB	hus-na
	Chipaya	1519	RUN	šat-
	Chipaya	1519	RUN	x̣ir-š
	Mosetén	1519	RUN	pi'ki
	Movima	1519	RUN	hayi
	Chipaya	1274	SALT	yaku
	Mosetén	1274	SALT	hii'ko
	Movima	1274	SALT	ɗoyon̉
	Chipaya	671	SAND	pʰila
	Mosetén	671	SAND	ha'maiɲ
	Movima	671	SAND	wiʔwis
	Chipaya	1458	SAY	kʰi-
	Mosetén	1458	SAY	he'yaki
	Movima	1458	SAY	han-kʷa
	Chipaya	1767	SCRAPE	ixkš
	Chipaya	1767	SCRAPE	šixl-
	Mosetén	1767	SCRAPE	šukera'kis
	Movima	1767	SCRAPE	ɓoɬ-na
	Chipaya	1409	SEE	čerš
	Mosetén	1409	SEE	ka'be
	Movima	1409	SEE	ɗe-wah-na
	Mosetén	714	SEED	we
	Mosetén	714	SEED	be
	Movima	714	SEED	ɗiɗin-kʷa
	Chipaya	1468	LOOK FOR	ḳʰur-š
	Mosetén	1468	LOOK FOR	'kefwa'baʔ
	Movima	1468	LOOK FOR	sal-na
	Chipaya	855	SEIZE	tan-
	Mosetén	855	SEIZE	'taphe
	Movima	855	SEIZE	wai-pa
	Chipaya	1571	SELL	tuyṣ̌
	Mosetén	1571	SELL	'himikai
	Movima	1571	SELL	rim-a-ɬe
	Chipaya	1127	SEND	kučan
	Chipaya	1127	SEND	apay
	Mosetén	1127	SEND	hu'teʔ
	Movima	1127	SEND	ho-paye-na
	Chipaya	1359	SEPARATE	anaḳš
	Mosetén	1359	SEPARATE	pareyu'taksi
	Movima	1359	SEPARATE	sotah-na
	Chipaya	1457	SEW	tˀirč̣a
	Mosetén	1457	SEW	dʸi'baki
	Movima	1457	SEW	sita-ʔoh
	Chipaya	1388	SHADE	šiwš
	Mosetén	1388	SHADE	o'ɲom
	Movima	1388	SHADE	laɓa-yas
	Chipaya	1909	SHAKE	pˀulʸinkiš
	Mosetén	1909	SHAKE	kafuɲ'yeʔ
	Movima	1909	SHAKE	lirih-na
	Chipaya	1396	SHARP	ari
	Chipaya	1396	SHARP	xat-
	Mosetén	1396	SHARP	mo'taksi
	Movima	1396	SHARP	pe-res-ni
	Chipaya	708	SHINE	lʸipinš
	Mosetén	708	SHINE	tču'ɲem-ki
	Mosetén	708	SHINE	tču'ɲem-si
	Movima	708	SHINE	heʔ-les-ni
	Chipaya	52	SHIVER	čeḳʰinš
	Mosetén	52	SHIVER	no-'čučui
	Movima	52	SHIVER	lititi
	Chipaya	1172	SHOOT	tʰak-
	Mosetén	1172	SHOOT	'tohyi
	Movima	1172	SHOOT	man-na
	Chipaya	1645	SHORT	ḳolta
	Chipaya	1645	SHORT	ḳoltalʸa
	Mosetén	1645	SHORT	'taknis
	Mosetén	1645	SHORT	mi'kias
	Movima	1645	SHORT	te-ɗes
	Chipaya	1482	SHOULDER	ɲiɲi
	Mosetén	1482	SHOULDER	bih'bi
	Movima	1482	SHOULDER	ɗolala-kʷa
	Chipaya	715	SHOUT	ḳʰaw-s
	Mosetén	715	SHOUT	œh'yi
	Movima	715	SHOUT	ka-mamai
	Chipaya	1046	SHUT	čaxwk-
	Mosetén	1046	SHUT	'khœrheʔ
	Movima	1046	SHUT	poʔ-na
	Chipaya	1847	SICK	kona
	Chipaya	1847	SICK	laa
	Chipaya	1847	SICK	laači
	Mosetén	1847	SICK	hapak-'ui
	Movima	1847	SICK	tera-ni
	Chipaya	682	SIDE	ataran
	Mosetén	682	SIDE	ɲok_beta'keʔ
	Movima	682	SIDE	toma-haʔa
	Chipaya	48	BE SILENT	čuxu_ṣ̌exl-
	Mosetén	48	BE SILENT	tču-tču-ih
	Movima	48	BE SILENT	way-as-ɬe
	Chipaya	1261	SING	it-s
	Mosetén	1261	SING	hi'maki
	Movima	1261	SING	leu-leu
	Chipaya	1416	SIT	xulš
	Mosetén	1416	SIT	bœʔ'dʸi
	Movima	1416	SIT	as-čeɬ
	Chipaya	763	SKIN	šḳiši
	Mosetén	763	SKIN	šu'paʔ
	Movima	763	SKIN	to-ɓen̉-kʷakʷa
	Chipaya	1732	SKY	arax̣pača
	Chipaya	1732	SKY	pača
	Mosetén	1732	SKY	mãye'dʸeʔ
	Movima	1732	SKY	ɓen̉-ra
	Chipaya	1585	SLEEP	tx̣ax̣-
	Mosetén	1585	SLEEP	ko'ši
	Mosetén	1585	SLEEP	ku'ši
	Movima	1585	SLEEP	horo-kʷa
	Chipaya	1324	SLIP	šḳʰexš
	Mosetén	1324	SLIP	šitan'dʸi
	Movima	1324	SLIP	ka-čin̉-ni
	Chipaya	1246	SMALL	ḳolta
	Chipaya	1246	SMALL	čʰuxt-u
	Mosetén	1246	SMALL	mi'ki-tk
	Mosetén	1246	SMALL	mi'ki-s
	Movima	1246	SMALL	to-čiʔi
	Chipaya	1587	SMELL (STINK)	muks
	Mosetén	1587	SMELL (STINK)	hœʔ'seʔ
	Movima	1587	SMELL (STINK)	ho-es-ni
	Chipaya	1586	SMELL (PERCEIVE)	mukš
	Mosetén	1586	SMELL (PERCEIVE)	hœʔ'seʔ
	Movima	1586	SMELL (PERCEIVE)	pa-yes-na
	Chipaya	778	SMOKE (EXHAUST)	ṣ̌ḳeti
	Mosetén	778	SMOKE (EXHAUST)	hiʔi'sa
	Movima	778	SMOKE (EXHAUST)	ɓuh-ru
	Mosetén	1689	SMOKE (INHALE)	pis'naki
	Movima	1689	SMOKE (INHALE)	sekaru-na
	Chipaya	1234	SMOOTH	lʸanu
	Mosetén	1234	SMOOTH	'tanes
	Movima	1234	SMOOTH	ti-ɬoi-ni
	Mosetén	1543	SNAIL	wo'ont
	Movima	1543	SNAIL	mehɬa
	Chipaya	730	SNAKE	šḳora
	Mosetén	730	SNAKE	'nas
	Movima	730	SNAKE	mimiɗi
	Chipaya	1621	SNEEZE	xačˀi-š
	Mosetén	1621	SNEEZE	haa'čihki
	Movima	1621	SNEEZE	čis-kʷa
	Chipaya	1983	SNORE	x̣oran-š
	Mosetén	1983	SNORE	khœ'ri
	Movima	1983	SNORE	ɬoro-ɗon̉
	Chipaya	1856	SOFT	ḳoɲa
	Mosetén	1856	SOFT	pi'c̷œki
	Mosetén	1856	SOFT	pi'c̷œi
	Movima	1856	SOFT	hu-sau-ni
	Chipaya	1241	SOME	c̷ʰii_ḳʰaṣ̌
	Mosetén	1241	SOME	mi'ki
	Movima	1241	SOME	kaka-ra
	Chipaya	811	SOUL	kuš-
	Chipaya	811	SOUL	alma
	Mosetén	811	SOUL	c̷aa'si
	Movima	811	SOUL	ɓau-ra-wawa
	Chipaya	1623	SPEAK	kʰi-
	Mosetén	1623	SPEAK	pe'yaki
	Movima	1623	SPEAK	i-wani
	Mosetén	945	SPEAR	'ransa
	Chipaya	843	SPIDER	kalʸa-kalʸa
	Mosetén	843	SPIDER	ohto'ko
	Mosetén	843	SPIDER	mi'kis_ohto'ko
	Movima	843	SPIDER	si-wa
	Chipaya	121	SPIN	spaxt-
	Chipaya	121	SPIN	ḳawan-š
	Mosetén	121	SPIN	'biki
	Movima	121	SPIN	haβun̉-na
	Chipaya	1440	SPIT	tʰuxt-š
	Chipaya	1440	SPIT	lomi
	Chipaya	1440	SPIT	tʰaxr-ki-
	Mosetén	1440	SPIT	čopi'yi
	Movima	1440	SPIT	ɗoton̉-ɬa
	Mosetén	1437	SPLIT	'četheʔ
	Mosetén	1437	SPLIT	čee'teʔ
	Movima	1437	SPLIT	oi-ka-pin̉
	Chipaya	38	SPREAD OUT	čʰin-š
	Movima	38	SPREAD OUT	pasin̉-na
	Chipaya	2144	SPRING OR WELL	pʰoma
	Chipaya	2144	SPRING OR WELL	tux
	Mosetén	2144	SPRING OR WELL	tko
	Movima	2144	SPRING OR WELL	lu-βe
	Mosetén	1414	SQUEEZE	'sumʔ'he
	Movima	1414	SQUEEZE	roma-lo
	Chipaya	1442	STAND	apatatš
	Chipaya	1442	STAND	c̷ʰits-
	Mosetén	1442	STAND	oroikoh'kõi
	Movima	1442	STAND	en-čeɬ
	Chipaya	1430	STAR	wara-wara
	Mosetén	1430	STAR	õrõ'taʔ
	Movima	1430	STAR	ɗiɗin-kʷa
	Chipaya	713	STEAL	txaŋ-š
	Mosetén	713	STEAL	ši'ʔai
	Movima	713	STEAL	tol-kara-na
	Chipaya	42	STINKING	čʰonanči
	Mosetén	42	STINKING	at'čihčis
	Movima	42	STINKING	pusa-ni
	Chipaya	2017	MIX	tʰaran-š
	Chipaya	2017	MIX	tˀax̣s
	Mosetén	2017	MIX	ku'čanaki
	Movima	2017	MIX	pos-na
	Chipaya	819	STOMACH	pʰuč
	Mosetén	819	STOMACH	tere'buč
	Movima	819	STOMACH	hasɬa-wanra
	Chipaya	1404	STRAIGHT	sex̣wa
	Mosetén	1404	STRAIGHT	'tčoi
	Movima	1404	STRAIGHT	čon-lo
	Chipaya	214	STRETCH	č̣ʰeet-
	Movima	214	STRETCH	ɬowa-pin̉
	Chipaya	3188	MIGHTY OR POWERFUL OR STRONG	aši
	Chipaya	3188	MIGHTY OR POWERFUL OR STRONG	tʰupi
	Mosetén	3188	MIGHTY OR POWERFUL OR STRONG	'ferxki
	Mosetén	3188	MIGHTY OR POWERFUL OR STRONG	fer'gič
	Mosetén	3188	MIGHTY OR POWERFUL OR STRONG	fer
	Movima	3188	MIGHTY OR POWERFUL OR STRONG	ɗin̉-teh
	Chipaya	1421	SUCK	itš
	Mosetén	1421	SUCK	c̷iʔ'yi
	Movima	1421	SUCK	čulum-na
	Chipaya	1342	SUMMER	čixɲi_timpu
	Mosetén	1342	SUMMER	aɲe'dʸe
	Movima	1342	SUMMER	osni-wawa
	Chipaya	1343	SUN	tʰuɲi
	Mosetén	1343	SUN	'c̷œɲ
	Movima	1343	SUN	tinno
	Chipaya	897	SWALLOW	tʰat-č̣a
	Chipaya	897	SWALLOW	tx̣at-š
	Mosetén	897	SWALLOW	koɲin'he
	Movima	897	SWALLOW	koke-ɬe
	Chipaya	717	SWEET	mašḳˀa
	Mosetén	717	SWEET	kaundyis
	Movima	717	SWEET	ta-ɗoi-ni
	Mosetén	159	SWEET POTATO	ka'ʔi
	Chipaya	1631	FAST	uri
	Mosetén	1631	FAST	ferexk'yei
	Movima	1631	FAST	so-rin̉
	Mosetén	1439	SWIM	'naiki
	Movima	1439	SWIM	ko-ma-lo
	Chipaya	1220	TAIL	kʰurš
	Mosetén	1220	TAIL	ko'dih
	Mosetén	1220	TAIL	pih
	Movima	1220	TAIL	ɓa-ɬeu-kʷa
	Mosetén	925	CASSAVA	oʔ'yi
	Movima	925	CASSAVA	čina-ɬa
	Chipaya	21	TASTE (SOMETHING)	malʸš
	Mosetén	21	TASTE (SOMETHING)	hikon'kyeʔ
	Movima	21	TASTE (SOMETHING)	o-wes-na
	Chipaya	1735	TEAR (SHRED)	c̷ʰela
	Mosetén	1735	TEAR (SHRED)	'seiheʔ
	Mosetén	1735	TEAR (SHRED)	'werheʔ
	Movima	1735	TEAR (SHRED)	peɬa-čo-na
	Chipaya	1651	TEAR (OF EYE)	kʰirma
	Mosetén	1651	TEAR (OF EYE)	'tari-s_mœ̃
	Movima	1651	TEAR (OF EYE)	hiwan-lo
	Chipaya	1711	TELL	kintˀa-
	Mosetén	1711	TELL	yih'tœk_ce'baɲ
	Movima	1711	TELL	ah-lomah
	Chipaya	797	TESTICLES	šiɲi
	Mosetén	797	TESTICLES	fe'fein
	Movima	797	TESTICLES	hoɬ-kʷakʷa
	Chipaya	817	THEY	ninaka
	Mosetén	817	THEY	mœ'ʔin
	Mosetén	817	THEY	mo'ʔin
	Movima	817	THEY	is-ko
	Chipaya	1244	THICK	č̣oḳxa
	Mosetén	1244	THICK	ma'bet
	Mosetén	1244	THICK	mba'bet
	Movima	1244	THICK	ɗu-yuʔu
	Chipaya	471	UPPER LEG (THIGH)	č̣oḳ_ḳome
	Mosetén	471	UPPER LEG (THIGH)	'xœɲœk
	Movima	471	UPPER LEG (THIGH)	ɗino-kʷa
	Movima	738	THING	ko-wa
	Chipaya	1415	THINK (REFLECT)	lapˀiṣ̌iš
	Mosetén	1415	THINK (REFLECT)	'yihyi
	Movima	1415	THINK (REFLECT)	i-ɓaičo-βaɬ-na
	Chipaya	1161	THREAD	ḳawɲi
	Mosetén	1161	THREAD	'bumaʔ
	Movima	1161	THREAD	ɓuh-ɗi
	Chipaya	1346	THROAT	x̣ora
	Mosetén	1346	THROAT	tæræ'reč
	Movima	1346	THROAT	takaka-kʷa
	Chipaya	1456	THROW	č̣axk-
	Mosetén	1456	THROW	fa'raheʔ
	Movima	1456	THROW	haran̉-na
	Chipaya	1150	THUNDER	xorxorɲi
	Mosetén	1150	THUNDER	behna'yi
	Movima	1150	THUNDER	wurul-čeɬ
	Chipaya	1917	TIE	moḳ-š
	Chipaya	1917	TIE	č̣exlš
	Mosetén	1917	TIE	'sapheʔ
	Movima	1917	TIE	hama-ɬe
	Mosetén	974	TOBACCO	kos
	Movima	974	TOBACCO	yoma-ris
	Chipaya	1329	TOMORROW	xaḳa
	Mosetén	1329	TOMORROW	'ɲohno
	Mosetén	1329	TOMORROW	'noxno
	Movima	1329	TOMORROW	tawaʔ-ni
	Chipaya	1205	TONGUE	las
	Mosetén	1205	TONGUE	'nem
	Movima	1205	TONGUE	ruɬ-kʷa
	Chipaya	1380	TOOTH	iṣ̌-ḳe
	Mosetén	1380	TOOTH	mu'dʸin
	Movima	1380	TOOTH	soi-ɬa
	Chipaya	1753	TOP	pʰurna
	Mosetén	1753	TOP	a'niki_mo'čes
	Movima	1753	TOP	čuru-ɗuʔu
	Chipaya	1892	TOUCH	lanš
	Mosetén	1892	TOUCH	tœ'heʔ
	Movima	1892	TOUCH	tol-na
	Mosetén	1075	TRAP (PITFALL)	ta'rampa
	Movima	1075	TRAP (PITFALL)	tarampa
	Chipaya	906	TREE	munti
	Mosetén	906	TREE	de'reʔ
	Movima	906	TREE	koʔo
	Chipaya	906	TREE	munti
	Mosetén	906	TREE	de'reʔ
	Movima	906	TREE	koʔo
	Chipaya	1657	TRUE	werara
	Mosetén	1657	TRUE	rõih'c̷is
	Movima	1657	TRUE	čon-lomah
	Movima	1444	TURN AROUND	ɗa-pil-na
	Mosetén	112	TURTLE	me'meʔ
	Mosetén	112	TURTLE	kih'bo
	Movima	112	TURTLE	sono
	Chipaya	1005	TWINS	pača
	Mosetén	1005	TWINS	e'pu
	Chipaya	1327	UNCLE	tulu
	Movima	1327	UNCLE	yayaʔa
	Chipaya	1485	BELOW OR UNDER	ḳoštan
	Mosetén	1485	BELOW OR UNDER	mu'ix'ya
	Movima	1485	BELOW OR UNDER	ɗai-ko
	Chipaya	352	UNTIE	čʰoxḳ-
	Chipaya	352	UNTIE	xʷer
	Mosetén	352	UNTIE	da'heʔ
	Movima	352	UNTIE	mata-ɬe
	Chipaya	1591	UP	c̷eeku
	Chipaya	1591	UP	xuntuɲ
	Mosetén	1591	UP	čeʔe'we
	Movima	1591	UP	ariwa
	Chipaya	592	PISS	šawx-š
	Chipaya	592	PISS	šaxwi
	Chipaya	592	PISS	šawxwi
	Mosetén	592	PISS	čike-'ki
	Movima	592	PISS	čoh-kʷa
	Chipaya	1363	VOICE	x̣ora
	Mosetén	1363	VOICE	'mædʸe
	Chipaya	1278	VOMIT	x̣otš
	Mosetén	1278	VOMIT	'čai
	Movima	1278	VOMIT	lel-kʷa
	Mosetén	1185	VULTURE	ši'ʔe
	Movima	1185	VULTURE	tuspaʔa
	Chipaya	1602	WAKE UP	waxt-
	Mosetén	1602	WAKE UP	'c̷aʔi
	Movima	1602	WAKE UP	tama-ye
	Chipaya	1443	WALK	oxḳ-
	Mosetén	1443	WALK	fue'rih
	Mosetén	1443	WALK	mi'ʔi
	Movima	1443	WALK	i-lo-ni
	Chipaya	1453	WASH	awxs
	Movima	1453	WASH	loh-na
	Chipaya	1517	WASP	ux-ux-ɲi
	Mosetén	1517	WASP	'c̷ib
	Movima	1517	WASP	omaile
	Chipaya	948	WATER	ḳʰaš
	Mosetén	948	WATER	uh'ɲi
	Movima	948	WATER	tomi
	Chipaya	133	WEAVE	wats
	Mosetén	133	WEAVE	'pante
	Movima	133	WEAVE	sama-ɗin-ɬeu
	Mosetén	3294	BRAID (VERB) OR WEAVE (BASKET)	mi'ɲeʔ
	Movima	3294	BRAID (VERB) OR WEAVE (BASKET)	sama-ɗin-ɬeu
	Chipaya	1726	WET	awči
	Chipaya	1726	WET	awi
	Mosetén	1726	WET	saʔ'mai
	Mosetén	1726	WET	sa'ma
	Movima	1726	WET	luʔ-ɗai-ni
	Chipaya	1236	WHAT	č̣ʰulut
	Mosetén	1236	WHAT	ha'tahyĩka
	Movima	1236	WHAT	eɬe-ɬaʔa
	Chipaya	1238	WHEN	č̣ʰulora
	Mosetén	1238	WHEN	hund'siʔ
	Movima	1238	WHEN	eɬ-lomah
	Chipaya	1237	WHERE	xaḳsi
	Chipaya	1237	WHERE	xaḳsi-kin
	Mosetén	1237	WHERE	ha'naʔ
	Movima	1237	WHERE	nay-aʔa
	Chipaya	1025	WHISTLE	smew-š
	Mosetén	1025	WHISTLE	'fwihyi
	Movima	1025	WHISTLE	sim̉-ɬa
	Chipaya	1335	WHITE	čiwi
	Mosetén	1335	WHITE	haiʔ'batč
	Mosetén	1335	WHITE	haiʔ'bas
	Movima	1335	WHITE	ta-βoh
	Chipaya	1235	WHO	xekt
	Chipaya	1235	WHO	xekmi
	Mosetén	1235	WHO	tki'ka
	Movima	1235	WHO	han-ne
	Chipaya	1243	WIDE	kara
	Chipaya	1243	WIDE	kʰari
	Mosetén	1243	WIDE	ka'c̷is
	Movima	1243	WIDE	pou-čo
	Chipaya	1199	WIFE	tʰun
	Mosetén	1199	WIFE	he'yeye
	Mosetén	1199	WIFE	'pheɲ
	Movima	1199	WIFE	al-wah
	Chipaya	960	WIND	tʰami
	Mosetén	960	WIND	kiʔ'ma
	Movima	960	WIND	pou-muh
	Chipaya	1257	WING	ḳx̣ara
	Mosetén	1257	WING	pa'wah
	Movima	1257	WING	toβai-kʷa
	Chipaya	962	WOMAN	maataḳa
	Chipaya	962	WOMAN	ṣ̌on
	Mosetén	962	WOMAN	'pheɲ
	Movima	962	WOMAN	kʷeya
	Chipaya	1803	WOOD	para
	Mosetén	1803	WOOD	'tabra
	Movima	1803	WOOD	koʔo
	Chipaya	420	FOREST	munti-naka
	Mosetén	420	FOREST	de'reʔ
	Movima	420	FOREST	čaʔ-mo
	Mosetén	1219	WORM	he'saʔ
	Movima	1219	WORM	rumʔi
	Chipaya	1109	WOUND	čʰoxritš
	Chipaya	1109	WOUND	lʸaxa
	Mosetén	1109	WOUND	tææc̷i'ti
	Movima	1109	WOUND	ɗailoβa-wawa
	Chipaya	380	WRINKLED	spola
	Mosetén	380	WRINKLED	haʔ'poi
	Movima	380	WRINKLED	sulu-ni
	Chipaya	1672	WRITE	kʰixrš
	Mosetén	1672	WRITE	sana'ki
	Movima	1672	WRITE	ɓen-a-ɓen̉
	Chipaya	1226	YEAR	wata
	Mosetén	1226	YEAR	yomo'dʸeʔ
	Movima	1226	YEAR	tinno-naʔa
	Chipaya	1424	YELLOW	kˀilʸu
	Mosetén	1424	YELLOW	kutči-'kutči-'dʸes
	Movima	1424	YELLOW	sere
	Chipaya	1268	YES	xeeš
	Chipaya	1268	YES	xesalʸa
	Mosetén	1268	YES	'huhu
	Mosetén	1268	YES	'me
	Movima	1268	YES	čon-lomah
	Chipaya	1174	YESTERDAY	ewi
	Chipaya	1174	YESTERDAY	šešku
	Mosetén	1174	YESTERDAY	mointxã
	Movima	1174	YESTERDAY	laʔ-hemes
	Chipaya	1213	YOU	anč̣ʰuk
	Mosetén	1213	YOU	mi'ʔin
	Movima	1213	YOU	i-ɓi
	Chipaya	1215	THOU	am
	Mosetén	1215	THOU	mi
	Movima	1215	THOU	ul-kʷan̉
	Chipaya	1207	YOUNG	tʰowa
	Mosetén	1207	YOUNG	na'na-t
	Mosetén	1207	YOUNG	na'na-s
	Movima	1207	YOUNG	o-βe-ni
	Chipaya	76	YOUNG MAN	pˀišu
	Mosetén	76	YOUNG MAN	na'na-t
	Movima	76	YOUNG MAN	oβeni-wankʷa
	Chipaya	77	YOUNG WOMAN	pˀiš
	Chipaya	77	YOUNG WOMAN	tur
	Chipaya	77	YOUNG WOMAN	tura
	Mosetén	77	YOUNG WOMAN	na'na-s
	Movima	77	YOUNG WOMAN	tol-kosya
	Chipaya	1760	YOUNGER BROTHER	laxk
	Mosetén	1760	YOUNGER BROTHER	wo'xi-t_ka'ki-tk
	Movima	1760	YOUNGER BROTHER	a-na
	Chipaya	1761	YOUNGER SISTER	laxk
	Mosetén	1761	YOUNGER SISTER	wo'xi-ʔ-ka'ki-s
	Movima	1761	YOUNGER SISTER	a-na
