ID	STRUCTURE	FREQUENCY	Amahuaca	Capanahua	Cashibo	Catuquina	Chacobo	Isconahua	Kakataibo	Kaxarari	Matses	Sharanahua	ShipiboConibo	Yaminahua	COGNATESETS	CONCEPTS
4-101	V	101	ɨ	ɨ	ɨ	ɨ	ɨ	ɨ	ɨ	ɨ	ɨ	ɨ	ɨ	ɨ	3923:1, 3923:3, 3212:1, 4890:1, 575:3, 4903:1, 5943:1, 5943:3, 845:1, 938:3, 2329:3, 4413:1, 4413:3, 6092:1, 6092:3, 1393:1, 1393:3, 4349:1, 4349:3, 2607:2, 3654:1, 3654:3, 729:1, 729:3, 852:3, 2136:4, 4980:5, 4980:7, 1033:0, 1033:2, 1644:1, 5023:5, 2295:1, 5057:1, 4862:1, 4862:3, 4912:1, 4912:3, 5194:1, 6043:1, 5854:1, 5854:3, 68:1, 124:1, 236:1, 476:1, 597:1, 651:1, 691:1, 748:1, 781:1, 820:1, 838:1, 912:1, 962:1, 973:3, 1182:3, 1375:1, 1410:4, 1581:1, 1730:1, 1813:3, 2206:1, 2520:1, 2771:1, 2836:2, 2927:1, 3097:1, 3178:1, 3186:1, 3190:1, 3192:1, 3284:3, 3769:1, 3877:1, 3901:1, 4014:1, 4241:3, 4282:3, 4376:4, 4666:1, 4772:1, 4813:3, 4878:1, 4879:1, 4888:1, 4891:1, 4909:1, 4920:1, 5055:1, 5063:1, 5165:0, 5301:1, 5658:1, 5911:1, 5914:1, 5937:1, 5955:1, 6051:1, 6083:2, 6159:1	baby / back / beard / black / boy / brain / break (destroy or get destroyed) / bring / call / child (young human) / claw / comb / come / cotton / cover / crawl or creep / cure / cut / dark / deaf / deep / dig / drink / drunk / eye / eyelash / face / fall / fan (action) / fasten / feather / few / field / finger / first / flour / flute / fly (insect) / forehead / get lost / girl / grind / half / hand / hard / hawk / heel / husband / i / kill / laugh / leaf / lift / lip / lizard / look for / love / man / marry / mighty or powerful or strong / mother / mouth / move / narrow / nasal mucus (snot) / neck / necklace / new / nose / open / palm of hand / play / push / ring / rough / rub / scrape / sew / sharp / sharpen (something) / shout / shut / smell (perceive) / smell (stink) / smoke (inhale) / snore / some / split / spread out / straight / swallow / tear (of eye) / thick / thing / tie / tobacco / tooth / touch / two / untie / vulture / wake up / want / wave / weave / wet / whistle / wide / wife / wind / wing / worm / wound / yes / young / young man
215-6	V	6	ɨ	ɨ	ɨ	ɨ	i	ɨ	ɨ	ə	i	-	ɨ	-	1769:1, 1769:3, 597:3, 917:1, 973:1, 4323:5	be silent / day (not night) / good / light (radiation) / touch / wide / wound
67-4	V	4	ɨ	ɨ	-	-	-	-	-	w	-	-	-	-	2933:3, 4440:3, 4754:5, 6092:5	axe / black / dark / heavy / leg
104-4	V	4	ɨ	ɨ	m	ɨ	ɨ	ɨ	m	Ø	ɨ	ɨ	ɨ	i	609:1, 2072:1, 5415:1, 5952:1	claw / cooking pot / few / fingernail / one / only / path / town or village
102-3	V	3	ɨ	ɨ	ɨ	ɨ	ɨ	i	ɨ	Ø	ɨ	ɨ	ɨ	i	3550:1, 4468:1, 6016:1	fat (organic substance) / here / sew
199-3	V	3	ɨ	ɨ	n	ɨ	ɨ	-	n	Ø	n	n	ɨ	Ø	781:2, 2813:1, 4891:7	love / milk / river / tear (of eye) / want / water
251-3	V	3	ɨ	a	Ø	a	Ø	k	Ø	Ø	Ø	a	-	a	1648:3, 3521:4, 5194:3	chicken / dirty / move
258-3	V	3	ɨ	-	Ø	ɨ	-	tʃ	-	Ø	-	-	tʃ	-	2597:8, 5974:3, 6089:3	evening / eye / heel / seed
264-3	V	3	ɨ	o	ɨ	i	Ø	Ø	ɨ	Ø	Ø	-	w	β	661:2, 1207:3, 4597:1	burn (something) / turtle / wife
275-3	V	3	ɨ	w	ɨ	w	Ø	Ø	ɨ	Ø	Ø	u	ʂ	o	4014:2, 4980:3, 5556:3	flute / man / pinch
30-2	V	2	ɨ	ɨ	ɨ	ɨ	ɨ	ɨ	ɨ	ɨ	ɨ	ɨ	ɨ	i	4972:1, 5364:1	maize / old / old man
59-2	V	2	ɨ	ɨ	i	ɨ	ɨ	ɨ	i	Ø	-	-	ɨ	ɨ	68:3, 2813:3	milk / river / smell (perceive) / smell (stink) / water
146-2	V	2	ɨ	ɨ	ɨ	∼	-	Ø	ɨ	Ø	Ø	n	a	∼	3592:4, 3817:1	fear (fright) / i
150-2	V	2	ɨ	ɨ	a	Ø	a	p	a	p	Ø	ɨ	a	p	522:3, 1854:1	father / thread
191-2	V	2	ɨ	ɨ	ɨ	e	Ø	Ø	ɯɨ	ɨ	Ø	ɨ	ɨ	ɨ	5312:3, 6042:1	darkness / evening / night / sharp
201-2	V	2	ɨ	ʂ	ɨ	Ø	a	Ø	i	Ø	Ø	u	Ø	i	5911:3, 6016:3	finger / palm of hand / sew / touch
213-2	V	2	ɨ	a	ʂ	ɨ	Ø	Ø	ʂ	Ø	ʂ	ʃ	ʂ	ʂ	5612:4, 5974:1	eye / grind / press / seed / squeeze
268-2	V	2	ɨ	i	o	Ø	ɨ	Ø	Ø	Ø	Ø	Ø	ɨ	ɨ	3592:3, 3618:3	fear (fright) / wake up
391-1	V	1	ɨ	ɨ	t	Ø	ɨ	Ø	ɨ	a	Ø	i	ɨ	k	4475:3	hide (conceal)
396-1	V	1	ɨ	t	i	Ø	Ø	Ø	i	Ø	Ø	ɨ	ɨ	ɨ	4666:3	kill
420-1	V	1	ɨ	n	ɨ	-	-	ɨ	ɨ	-	-	-	-	-	5137:3	moon
423-1	V	1	ɨ	-	Ø	Ø	Ø	Ø	Ø	Ø	Ø	i	Ø	Ø	5194:4	move
425-1	V	1	ɨ	ɨ	-	ɨ	ɨ	-	-	ə	Ø	-	ɨ	-	5233:3	name
497-1	V	1	ɨ	ɨ	-	ɨ	ɨ	-	-	ɨ	-	-	-	-	6080:3	foot / footprint
238-3	V	3	Ø	o	Ø	-	i	a	k	tʃ	Ø	i	t	tʃ	184:5, 271:2, 4912:5	necklace / spider / stand
51-2	V	2	Ø	i	-	-	-	-	Ø	-	-	-	-	i	3985:5, 5568:5	float / penis / piss / swim
108-2	V	2	Ø	i	i	i	ɨ	i	i	Ø	i	ɨ	i	i	2914:3, 5828:1	rope / sand
224-2	V	2	Ø	i	i	i	a	i	i	Ø	Ø	i	i	i	1269:2, 2520:3	deep / seize / trap (catch)
269-2	V	2	Ø	Ø	o	s	s	Ø	ɯ	Ø	Ø	s	n	Ø	4694:1, 4722:1	know (something) / laugh
324-1	V	1	Ø	Ø	Ø	-	Ø	a	Ø	Ø	Ø	-	Ø	-	1648:6	chicken
338-1	V	1	Ø	i	ʃ	ʃ	Ø	ʃ	Ø	Ø	Ø	ʃ	ʃ	ʃ	2406:4	darkness / morning / night / yesterday
343-1	V	1	Ø	a	-	-	Ø	-	-	Ø	Ø	i	t	k	2771:3	drink / swallow
356-1	V	1	Ø	Ø	Ø	Ø	Ø	Ø	Ø	Ø	Ø	-	-	ɨ	4038:5	star
358-1	V	1	Ø	Ø	Ø	Ø	Ø	Ø	Ø	Ø	Ø	-	-	o	4038:7	star
359-1	V	1	Ø	Ø	a	Ø	Ø	Ø	a	Ø	Ø	Ø	j	Ø	4044:2	fly (move through air)
360-1	V	1	Ø	i	ɨ	Ø	i	i	Ø	i	i	i	i	i	4091:1	bark / body / skin
362-1	V	1	Ø	i	β	Ø	i	i	Ø	i	i	i	i	i	4091:3	bark / body / skin
380-1	V	1	Ø	o	u	o	o	i	ɯ	Ø	Ø	i	o	i	4428:1	heart
393-1	V	1	Ø	i	n	i	i	n	n	Ø	Ø	Ø	n	n	4583:3	animal
398-1	V	1	Ø	i	i	a	a	a	i	a	i	a	a	a	4703:1	lake
405-1	V	1	Ø	Ø	a	Ø	Ø	Ø	k	Ø	Ø	Ø	k	Ø	4800:2	lift
426-1	V	1	Ø	a	a	Ø	a	Ø	Ø	i	Ø	a	a	a	5248:1	below or under
449-1	V	1	Ø	Ø	o	w	Ø	Ø	Ø	w	Ø	w	w	β	5497:2	parrot
458-1	V	1	Ø	i	s	i	i	s	Ø	s	s	s	Ø	∼	5568:1	penis / piss
459-1	V	1	Ø	o	∼	o	o	n	Ø	l	n	i	Ø	o	5568:3	penis / piss
489-1	V	1	Ø	-	i	Ø	-	Ø	i	Ø	-	Ø	t	Ø	5969:3	dream (something) / look / see
495-1	V	1	Ø	Ø	-	Ø	Ø	Ø	ɨ	Ø	Ø	Ø	-	Ø	6042:5	sharp
502-1	V	1	Ø	o	β	β	Ø	Ø	Ø	Ø	Ø	Ø	β	Ø	6142:3	knee
503-1	V	1	Ø	o	ʂ	ʂ	Ø	Ø	Ø	Ø	Ø	Ø	ʂ	Ø	6142:5	knee
504-1	V	1	Ø	-	o	o	Ø	Ø	Ø	Ø	Ø	Ø	o	Ø	6142:6	knee
2-118	V	118	o	o	o	o	o	o	ɯ	u	u	u	o	o	672:1, 2889:1, 2889:3, 3875:3, 4890:3, 5650:1, 6081:3, 5471:1, 5471:3, 392:1, 565:1, 565:3, 5523:1, 112:1, 112:3, 2913:1, 2913:3, 4257:1, 5810:1, 928:1, 928:5, 2949:3, 3522:1, 5113:1, 1144:1, 1144:6, 4551:1, 4551:3, 212:1, 212:3, 948:1, 1207:1, 107:1, 107:3, 165:1, 165:3, 305:1, 305:3, 1816:3, 4044:1, 6042:3, 1235:1, 3190:3, 637:1, 637:3, 705:1, 5955:3, 1084:3, 5723:4, 1240:4, 4037:1, 4322:1, 4322:3, 5023:3, 5023:7, 175:1, 177:1, 185:1, 426:3, 476:4, 483:1, 501:1, 522:1, 575:1, 678:1, 686:1, 793:1, 820:3, 823:1, 908:1, 967:1, 985:1, 1351:3, 1396:1, 1412:1, 1483:3, 1621:3, 1711:1, 1840:1, 1991:1, 1997:0, 2079:3, 2133:3, 2206:3, 2350:1, 2396:1, 2539:3, 2933:1, 3097:3, 3205:1, 3443:3, 3877:3, 3901:3, 3985:1, 4043:1, 4153:1, 4178:1, 4226:3, 4517:1, 4599:4, 4707:1, 4891:3, 4920:3, 4953:1, 5074:3, 5111:1, 5171:3, 5175:1, 5283:1, 5373:1, 5515:1, 5558:1, 5605:1, 5802:1, 5839:3, 6004:1, 6043:3, 6069:1	arm / arrive / ash / ask (inquire) / ask (request) / axe / back / bee / belly / bitter / black / blow (of wind) / body / boil (something) / brain / breast / burn (something) / burning / buttocks / buy / canoe / carry / cassava / center or middle / cheek / chest / chew / chili pepper / clean / cloth / clothes / cloud / comb / come / come back / cotton / crawl or creep / dark / deep / deer / demon / dig / duck / dust / ear / extinguish / eye / finger / firewood / first / float / flour / fly (move through air) / follow / food / frog / gather / ghost / girl / go / green / grow / honey / house / inside / jaw / join / language / light (weight) / love / milk / mouth / mud / nasal mucus (snot) / neck / needle (for sewing) / old man / old woman / older sister / owl / peel / penis / person / pinch / potato / pus / relatives / root / rotten / sell / sharp / shit (defecate) / shoulder / small / smoke (inhale) / snail / snake / soul / speak / spin / spring or well / stomach / suckle (breastfeed, nurse) / swim / tear (of eye) / tell / thick / thorn / thread / throw / tobacco / tree stump / unripe / up / wake up / wake up (someone) / want / wash / wave / we / whistle / who / wind / woman / worm / wrinkled / young / young man / young woman
236-8	V	8	o	-	u	o	o	-	ɯ	Ø	u	-	t	o	2295:4, 3075:3, 5556:1, 4258:1, 6083:6, 184:8, 258:3, 748:3	carry / cure / embrace / heel / lift / navel / pinch / spider / wake up
99-5	V	5	o	o	u	a	o	o	ɯ	Ø	o	u	o	o	3178:3, 3985:3, 4980:1, 5093:1, 6051:3	chieftain / fast / float / get lost / man / marry / mighty or powerful or strong / sharpen (something) / swim
134-4	V	4	o	o	a	o	o	a	a	Ø	Ø	a	o	Ø	142:1, 1644:3, 3074:3, 4402:1	bloom / embrace / fan (action) / flower / hard
204-4	V	4	o	o	u	o	o	o	ɯ	ɯi	i	i	o	i	137:3, 691:3, 1100:1, 1410:1	boy / breathe / comb / get tired / rest / soft / young man
94-3	V	3	o	o	-	-	o	-	-	u	ɨ	-	o	-	455:3, 459:3, 467:3	far / testicles / there / they
203-3	V	3	o	o	o	i	-	i	ɯ	Ø	Ø	i	t	k	473:3, 3443:1, 6159:4	cough / cover / older sister / shut
227-3	V	3	o	o	o	k	k	n	ɯ	Ø	a	u	k	k	473:1, 1625:3, 4693:1	cloth / cough / know (something) / wash
230-3	V	3	o	o	∼	o	o	-	n	Ø	Ø	n	∼	∼	307:3, 459:1, 4888:3	far / stomach / tear (of eye) / there
20-2	V	2	o	o	u	o	o	o	ɯ	Ø	Ø	u	o	o	5018:3, 5087:1	cover / hair (head) / head / roof
53-2	V	2	o	o	o	o	o	o	-	h	-	u	o	o	531:2, 4763:3	bone / lick
71-2	V	2	o	Ø	-	r	-	-	-	Ø	Ø	Ø	-	-	703:6, 5069:3	cure / medicine / up
80-2	V	2	o	a	a	∼	n	n	a	n	a	n	∼	-	4703:2, 6089:7	heel / lake
97-2	V	2	o	o	o	o	o	o	s	a	s	u	o	o	681:1, 5914:3	cloud / ring / smoke (exhaust)
107-2	V	2	o	o	n	o	o	n	n	Ø	Ø	-	o	o	815:1, 5015:4	horn (anatomy) / man / person
111-2	V	2	o	o	a	ʂ	ʂ	h	a	ʃ	ʂ	ʃ	ʂ	ʂ	44:1, 810:4	day (not night) / nest / sleep / water
130-2	V	2	o	o	t	o	o	β	i	Ø	-	t	β	t	1765:3, 4861:3	chair / lizard / sit / sit down
147-2	V	2	o	o	Ø	Ø	-	o	i	Ø	-	u	t	t	4468:3, 6024:1	here / light (radiation) / shade
159-2	V	2	o	o	-	o	o	ɾ	-	Ø	-	u	-	-	2097:7, 5880:2	ash / light (ignite) / salt
173-2	V	2	o	o	u	i	i	i	ɯ	Ø	e	i	-	i	1454:1, 1668:3	chieftain / rain (precipitation)
212-2	V	2	o	o	Ø	o	Ø	tʃ	t	Ø	d	tʃ	o	tʃ	5393:1, 5914:5	older brother / ring
243-2	V	2	o	Ø	-	r	Ø	-	ɯ	Ø	Ø	-	Ø	-	107:5, 2223:1	near / snail
303-1	V	1	o	o	Ø	β	Ø	β	β	Ø	b	β	o	β	455:1	testicles
314-1	V	1	o	Ø	ʂ	o	o	Ø	ʂ	a	ʂ	ʃ	o	ʂ	897:1	clean / white
316-1	V	1	o	Ø	-	o	o	Ø	-	ɯ	-	-	o	-	897:3	clean / white
335-1	V	1	o	o	o	o	Ø	-	ɯ	Ø	Ø	Ø	o	o	2388:3	all / finish
336-1	V	1	o	-	-	s	Ø	-	-	Ø	Ø	Ø	t	k	2388:4	all / finish
389-1	V	1	o	o	n	Ø	o	Ø	ɯ	o	Ø	n	o	n	4475:1	hide (conceal)
418-1	V	1	o	o	o	ʂ	ʂ	h	ɯ	ʂ	ʂ	ʃ	ʂ	ʂ	5137:1	moon
429-1	V	1	o	m	o	o	Ø	Ø	ɯ	Ø	Ø	u	o	o	5283:3	needle (for sewing)
462-1	V	1	o	o	o	ʔ	o	-	-	Ø	-	u	o	o	5650:2	pus
479-1	V	1	o	p	o	o	p	o	β	Ø	Ø	Ø	Ø	Ø	5898:3	elbow
482-1	V	1	o	k	-	o	o	-	ɯ	Ø	Ø	Ø	Ø	Ø	5898:6	elbow
3-99	V	99	i	i	i	i	i	i	i	i	i	i	i	i	4164:1, 4164:3, 4972:3, 672:3, 3158:1, 6073:1, 6073:3, 2097:1, 5034:3, 5747:1, 5747:3, 5826:1, 5826:3, 4508:1, 4508:3, 1473:1, 1473:3, 4297:3, 4297:5, 5403:1, 5403:3, 26:1, 4402:3, 5828:4, 3495:1, 3495:3, 3495:5, 4599:1, 5937:3, 4728:1, 4728:3, 279:1, 6083:4, 526:1, 526:3, 705:5, 5955:5, 1023:4, 5723:2, 3493:1, 3493:3, 4044:5, 5057:3, 5625:1, 5625:3, 59:1, 79:1, 175:3, 184:1, 263:1, 271:1, 385:3, 404:3, 426:1, 483:3, 507:1, 511:1, 770:1, 930:2, 1010:1, 1238:2, 1240:2, 1354:1, 1410:6, 1412:4, 1420:3, 1663:1, 1711:3, 1737:2, 1779:0, 1837:1, 1916:3, 2091:1, 2577:1, 2954:3, 3032:3, 3192:3, 3550:3, 3698:2, 4121:1, 4177:1, 4178:3, 4192:1, 4294:3, 4421:1, 4676:1, 4953:2, 5035:3, 5093:3, 5149:1, 5164:1, 5171:1, 5364:3, 5373:3, 5415:4, 5558:3, 5612:1, 5876:3, 5962:1	arrow / ash / axe / basket / become angry / bee / black / body / boil (something) / bow / breast / bring / buttocks / buy / carry / chest / chieftain / chili pepper / choose / cloud / cold / comb / dark / dawn / day (not night) / demon / dew / earth (soil) / egg / fart / fast / fat (organic substance) / feather / few / field / fight / finger / fire / fly (move through air) / follow / forest / fruit / gather / get / ghost / go up (ascend) / grind / grow / hair (body) / hammock / hand / hard / hear / heel / hole / join / lazy / leg / light (ignite) / lip / love / maize / meat / mighty or powerful or strong / mosquito / mother / mouth / nose / old / old man / older sister / one / only / pick up / pinch / press / pull / pursue / relatives / remember / rib / rope / rotten / salt / scrape / see / shoot / sky / small / smell (stink) / snake / soul / spider / squeeze / stand / star / stinking / stomach / summer / sun / sweet potato, yam / think (reflect) / thou / thread / tree / up / upper leg (thigh) / walk / want / wasp / wife / wind / woman / write / year / yellow / young man / younger sister
95-8	V	8	i	i	-	i	i	-	-	i	-	-	i	-	75:3, 236:5, 815:3, 2079:5, 2496:3, 2775:5, 5393:3, 6069:3	ash / beverage / blood / burning / drink / dust / first / man / mud / older brother / person / relatives / shit (defecate) / spread out / wide
28-5	V	5	i	i	-	i	i	-	-	i	a	-	-	-	2091:3, 3212:3, 4121:3, 5069:5, 5688:8	cure / earth (soil) / feather / fire / forest / leaf / medicine / rainbow / tree / wing
237-5	V	5	i	-	-	-	-	n	t	Ø	Ø	-	i	β	185:5, 985:4, 1991:3, 4038:4, 5194:6	blow (of wind) / come / move / star / wind / wrinkled
273-4	V	4	i	t	-	-	-	-	-	i	e	-	-	Ø	271:5, 608:7, 4909:5, 5914:7	bow / neck / ring / stand
296-4	V	4	i	i	i	-	ɨ	a	i	Ø	Ø	k	tʃ	t	1644:8, 3074:1, 3656:1, 4644:3	dance / embrace / fan (action) / jump / many
15-3	V	3	i	-	i	-	-	-	i	-	-	-	i	i	1581:3, 3246:3, 4257:3	bite / bring / carry / come / eat / fish / food / go / tooth
180-3	V	3	i	i	i	i	ʔ	i	-	Ø	Ø	i	i	i	5149:2, 5687:6, 6069:2	mosquito / rainbow / shit (defecate)
197-3	V	3	i	i	t	i	ia	i	Ø	Ø	Ø	i	i	ɨ	917:4, 938:1, 4754:1	leg / wide / wind
202-3	V	3	i	i	i	i	i	n	i	a	a	i	i	i	79:3, 608:3, 1240:6	bow / cloud / rotten / smell (stink) / stinking
282-3	V	3	i	i	-	-	-	-	Ø	Ø	Ø	i	i	a	678:3, 705:3, 2287:2	big / long / speak / tell / up
285-3	V	3	i	Ø	i	Ø	-	Ø	i	Ø	Ø	Ø	k	tʃ	989:3, 3075:1, 4644:1	arm / armpit / dance / embrace / jump / put
24-2	V	2	i	i	∼	i	i	n	Ø	-	n	n	∼	-	681:3, 967:3	cloud / smoke (exhaust) / worm
34-2	V	2	i	i	i	i	i	i	i	w	e	i	i	i	2577:3, 2790:2	bury / dew / earth (soil)
37-2	V	2	i	i	i	i	i	n	i	Ø	Ø	n	i	∼	4428:2, 5055:3	beard / heart
48-2	V	2	i	i	m	i	i	m	m	i	m	m	i	m	75:1, 5390:1	ant / blood / relatives
49-2	V	2	i	-	-	-	-	-	-	-	-	-	-	-	3923:5, 4707:3	husband / language / marry / wife
57-2	V	2	i	i	i	s	s	Ø	i	Ø	Ø	s	s	Ø	5484:1, 5762:1	bird / pain / sick
78-2	V	2	i	i	i	i	i	i	i	ai	i	i	w	i	4038:0, 4334:3	grass / star
84-2	V	2	i	i	i	a	s	a	i	j	Ø	a	a	a	4536:3, 4944:1	hot / louse
90-2	V	2	i	i	i	∼	n	n	i	Ø	Ø	n	∼	k	5484:3, 5962:2	pain / see / sick
137-2	V	2	i	-	Ø	o	o	Ø	Ø	Ø	Ø	-	i	-	3136:3, 4349:5	enter / flour / grind
155-2	V	2	i	i	i	i	-	i	i	Ø	Ø	-	i	-	1396:4, 2836:5	canoe / drunk
169-2	V	2	i	i	s	i	i	Ø	s	Ø	s	k	i	Ø	3136:1, 5969:1	dream (something) / enter / look / see
208-2	V	2	i	Ø	i	Ø	i	i	i	ɛ	Ø	i	i	ɨ	1100:3, 1273:1	breathe / charcoal / get tired / rest
209-2	V	2	i	i	i	Ø	ts	n	i	Ø	Ø	n	i	i	2072:4, 4536:1	cooking pot / hot
248-2	V	2	i	i	-	Ø	Ø	p	Ø	Ø	Ø	i	p	i	5802:3, 6089:5	dig / heel / shoulder / throw
329-1	V	1	i	i	a	i	i	Ø	a	Ø	Ø	Ø	m	m	2097:3	ash / light (ignite)
333-1	V	1	i	ɨ	ɨ	ɨ	Ø	i	ɨ	Ø	Ø	Ø	ɨ	ɨ	2388:1	all / finish
340-1	V	1	i	-	-	Ø	tʃ	-	-	Ø	d	Ø	-	-	2577:4	dew
348-1	V	1	i	i	i	i	i	i	i	i	e	i	i	i	3246:1	bite / eat / fish / food / tooth
351-1	V	1	i	i	i	Ø	-	Ø	i	Ø	i	Ø	t	Ø	3646:3	big / bone / grow / increase / ripe
365-1	V	1	i	i	i	n	n	Ø	i	Ø	Ø	n	n	n	4236:1	give / sell
368-1	V	1	i	i	n	-	-	-	n	Ø	Ø	n	i	i	4249:3	be born / go / walk
370-1	V	1	i	i	a	i	i	Ø	i	i	Ø	i	i	i	4332:3	bat
374-1	V	1	i	i	i	i	-	Ø	i	Ø	-	i	i	i	4405:3	bathe / swim
384-1	V	1	i	i	i	w	w	Ø	i	a	w	w	w	β	4440:1	heavy
415-1	V	1	i	i	i	i	i	w	Ø	i	w	w	i	β	5102:1	tree / wood
416-1	V	1	i	w	-	w	w	i	Ø	w	i	i	w	i	5102:2	tree / wood
452-1	V	1	i	-	Ø	Ø	Ø	i	Ø	Ø	Ø	i	-	i	5523:4	penis
454-1	V	1	i	i	n	n	i	n	n	Ø	Ø	n	i	Ø	5527:1	tail
466-1	V	1	i	o	Ø	o	i	Ø	ʃ	i	i	ʃ	o	∼	5714:1	red / ripe / yellow
469-1	V	1	i	n	Ø	i	-	Ø	-	-	-	-	∼	-	5714:4	red / ripe / yellow
486-1	V	1	i	i	Ø	i	s	Ø	Ø	Ø	i	s	i	s	5952:4	claw / fingernail
1-188	V	188	a	a	a	a	a	a	a	a	a	a	a	a	2745:1, 2745:3, 3875:1, 4249:1, 4786:1, 4786:3, 288:1, 288:3, 5035:1, 6080:1, 4903:3, 4903:5, 5705:1, 5705:3, 5074:1, 5292:1, 4232:1, 4232:3, 5582:1, 5582:3, 928:3, 2949:1, 3522:4, 3522:6, 4241:1, 5113:3, 5113:5, 155:1, 155:3, 4834:1, 4834:3, 5636:1, 5636:3, 703:1, 703:3, 4169:1, 4169:3, 4813:1, 5790:1, 5790:3, 5688:1, 5688:3, 5688:6, 392:3, 4879:3, 3568:1, 3568:3, 3951:1, 3951:3, 4025:1, 4025:3, 4537:1, 4537:3, 661:1, 2133:1, 2826:1, 2826:3, 4297:1, 4297:6, 236:3, 4323:1, 4323:3, 279:4, 4258:2, 6083:1, 1023:1, 1084:1, 5723:1, 169:1, 169:3, 852:1, 2136:1, 1085:1, 1085:3, 1648:1, 5165:2, 4435:1, 4435:3, 847:1, 847:3, 918:1, 918:4, 989:1, 3698:1, 1271:1, 1271:3, 1816:1, 4800:1, 3102:1, 3102:3, 3969:1, 3969:3, 4129:1, 4129:3, 26:3, 124:2, 137:1, 177:3, 287:1, 385:1, 404:1, 501:3, 651:3, 691:5, 838:3, 962:3, 1010:3, 1054:1, 1131:1, 1182:1, 1238:1, 1240:1, 1269:0, 1318:1, 1351:1, 1420:1, 1483:1, 1550:1, 1621:1, 1625:1, 1663:3, 1737:1, 1779:2, 1813:1, 1840:3, 1916:1, 2079:1, 2287:1, 2329:1, 2350:2, 2396:3, 2406:1, 2496:1, 2497:1, 2539:1, 2597:1, 2607:1, 2687:1, 2836:1, 2914:1, 2927:3, 2954:1, 3032:1, 3205:3, 3284:1, 3592:1, 3618:1, 3769:2, 3952:3, 4043:3, 4165:1, 4177:3, 4226:1, 4282:1, 4294:1, 4332:1, 4376:1, 4517:3, 4597:0, 4599:0, 4676:3, 4763:1, 4772:3, 4823:1, 4827:1, 4861:1, 5015:1, 5018:1, 5023:1, 5034:1, 5063:3, 5111:3, 5164:3, 5248:3, 5312:1, 5354:1, 5521:1, 5658:3, 5672:1, 5687:1, 5839:1, 5876:1, 5880:1, 5898:1, 6004:3, 6081:1, 6089:1, 6142:1	alcohol (fermented drink) / arm / armpit / ash / ask (inquire) / ask (request) / axe / baby / back / bark / basket / bat / be born / become angry / bee / below or under / big / bitter / blue / body / boy / brain / break (destroy or get destroyed) / breast / bridge / burning / buy / carry / center or middle / cheek / chest / chew / chicken / child (young human) / choose / clean / cloth / clothes / cloud / cold / cotton / cover / cut / darkness / dawn / day (not night) / deaf / deep / deer / dig / dog / dream (something) / drunk / dust / ear / egg / elbow / empty / evening / extinguish / face / fall / father / fear (fright) / feather / field / fight / firewood / first / fish / flat / flee / fly (insect) / fly (move through air) / follow / foot / footprint / forehead / girl / go / go up (ascend) / good / hair (body) / half / hammock / head / heel / hide (conceal) / hit / honey / horn (anatomy) / hot / i / inside / knee / language / laugh / lick / lie down / lift / light (weight) / lightning / lip / liver / lizard / long / look for / lung / meat / mighty or powerful or strong / milk / morning / mosquito / mother / mouth / move / mud / nest / night / now / old woman / pain / peel / person / plain / plant (something) / play / pumpkin / pursue / push / put / rainbow / raw / relatives / river / roll / roof / root / rotten / rough / rub / run / salt / sand / scrape / seize / sell / sew / skin / sky / smooth / snore / soft / sour / speak / split / spread out / spring or well / star / stomach / straight / summer / sun / sweet / sweet potato, yam / tear (shred) / thing / thorn / throw / thunder / tie / tooth / trap (catch) / turtle / two / untie / up / wake up / walk / wash / wasp / water / weave / wet / wide / wife / woman / worm / wound / write / year / yellow / yesterday / you / young / young man / young woman
161-8	V	8	a	a	a	a	a	a	ɤ	ɐ	-	a	a	a	741:1, 741:3, 184:3, 608:1, 1375:3, 1730:3, 4177:5, 5672:3	basket / bow / call / fasten / lift / put / shout / spider / tie / wait (for)
126-7	V	7	a	a	-	-	-	-	-	a	-	-	-	-	770:5, 1131:4, 1235:3, 1837:3, 3812:3, 5354:4, 6024:3	arrow / bow / bridge / cassava / food / go up (ascend) / light (radiation) / now / shade / stand / walk / what
262-6	V	6	a	a	a	a	-	t	a	Ø	Ø	k	-	k	212:5, 307:1, 559:9, 1647:5, 2597:4, 3656:3	chicken / evening / many / spin / stomach / thunder
70-5	V	5	a	a	o	a	a	a	ɤ	a	a	a	a	a	531:1, 1765:1, 2687:3, 5069:1, 5497:1	bone / chair / cure / dog / medicine / parrot / sit / sit down
271-5	V	5	a	a	a	Ø	β	w	a	a	Ø	w	p	β	930:1, 1647:3, 1668:1, 3812:1, 5687:4	chicken / chieftain / rainbow / what / wife
133-4	V	4	a	-	-	a	-	-	-	Ø	Ø	-	-	Ø	142:3, 4037:3, 5390:3, 5605:3	ant / bloom / burn (something) / flower / potato
252-4	V	4	a	a	-	a	-	a	-	Ø	Ø	-	a	a	287:4, 483:5, 609:3, 1420:4	boil (something) / carry / lung / path / town or village
115-3	V	3	a	a	a	a	ʃ	ɾ	a	Ø	e	a	a	a	1648:5, 4153:2, 4405:1	bathe / chicken / frog / swim
163-3	V	3	a	a	a	-	o	o	a	Ø	Ø	a	a	a	793:3, 1144:4, 2223:5	girl / near / wash / woman / young woman
198-3	V	3	a	tʃ	ʂ	a	i	a	a	Ø	a	a	a	a	845:3, 3952:1, 4754:3	flat / leg / plain / smooth / wet
293-3	V	3	a	-	a	Ø	Ø	k	a	Ø	Ø	ɨ	t	i	1550:4, 4038:3, 4165:3	basket / break (destroy or get destroyed) / star / tear (shred)
13-2	V	2	a	a	n	a	a	n	n	a	n	n	a	n	4751:1, 5233:1	mouth / name / tongue
19-2	V	2	a	a	a	a	a	a	a	a	e	a	i	a	2790:1, 4334:1	bury / earth (soil) / grass
27-2	V	2	a	a	-	a	a	-	-	a	-	-	a	-	4751:3, 5333:3	mouth / no / not / sick / tongue
60-2	V	2	a	-	-	-	-	-	-	-	Ø	-	-	-	4878:7, 4944:3	eyelash / face / forehead / louse / open
89-2	V	2	a	n	-	a	Ø	a	a	a	Ø	a	a	a	5301:3, 5497:3	new / parrot
93-2	V	2	a	a	a	∼	-	Ø	a	Ø	Ø	n	∼	∼	4236:3, 4694:3	give / know (something) / sell
110-2	V	2	a	a	a	a	a	m	m	a	Ø	ɨ	a	a	5333:1, 5435:1	be silent / no / not / sick
112-2	V	2	a	a	i	-	-	-	i	-	e	i	t	k	44:3, 258:1	day (not night) / navel / nest / sleep
128-2	V	2	a	a	n	a	a	n	k	Ø	Ø	n	Ø	n	785:1, 1550:3	break (destroy or get destroyed) / tear (shred) / vomit
129-2	V	2	a	a	a	-	-	-	a	Ø	Ø	k	-	Ø	1437:3, 1621:5	cassava / chew
131-2	V	2	a	a	t	a	a	n	a	Ø	Ø	i	t	∼	785:3, 1647:1	chicken / vomit
149-2	V	2	a	a	t	Ø	a	n	t	a	Ø	t	a	t	467:1, 4693:3	know (something) / they
152-2	V	2	a	-	Ø	m	Ø	n	a	-	d	-	-	-	908:3, 2223:3	near / who
184-2	V	2	a	a	a	Ø	n	j	a	Ø	a	j	n	j	2775:1, 3646:1	beverage / big / bone / drink / grow / increase / ripe
210-2	V	2	a	n	-	∼	-	-	Ø	Ø	Ø	t	-	k	2775:3, 4878:4	beverage / drink / eyelash / face / forehead / open
218-2	V	2	a	Ø	o	t	Ø	Ø	ɯ	Ø	u	t	∼	t	810:1, 2497:3	deaf / water
219-2	V	2	a	Ø	o	a	t	Ø	ɯ	Ø	Ø	t	t	t	1273:3, 4827:3	charcoal / light (weight)
221-2	V	2	a	a	u	Ø	ɨ	-	Ø	-	Ø	Ø	ɨ	-	1410:2, 1854:3	comb / father
222-2	V	2	a	a	i	a	-	Ø	ɨ	Ø	Ø	i	Ø	k	4421:4, 4823:3	deaf / ear / hear
322-1	V	1	a	a	a	ts	ts	ts	a	Ø	Ø	Ø	ts	Ø	1437:1	cassava
330-1	V	1	a	a	o	a	a	Ø	ɯ	Ø	Ø	Ø	p	p	2097:5	ash / light (ignite)
346-1	V	1	a	a	a	a	a	a	a	Ø	Ø	ai	a	a	3158:3	remember / think (reflect)
433-1	V	1	a	-	-	a	a	-	-	a	Ø	-	-	-	5292:3	nest
450-1	V	1	a	a	a	a	Ø	a	Ø	a	Ø	Ø	o	Ø	5515:3	peel
456-1	V	1	a	a	-	-	a	-	-	Ø	Ø	-	a	Ø	5527:3	tail
473-1	V	1	a	s	a	Ø	k	Ø	a	Ø	Ø	Ø	-	Ø	5762:3	bird
477-1	V	1	a	n	Ø	∼	Ø	a	Ø	Ø	Ø	n	∼	-	5810:4	arm
22-34	V	34	-	-	i	-	-	-	i	i	-	-	i	i	2745:5, 3158:6, 948:4, 1207:6, 169:5, 263:6, 271:3, 741:5, 793:5, 852:5, 1085:5, 1269:4, 1351:5, 1354:3, 1375:5, 1550:6, 1621:7, 1730:5, 1737:5, 1959:5, 1997:2, 2396:5, 3205:5, 3769:4, 4178:5, 4258:5, 4376:6, 4421:5, 4597:2, 4644:6, 4763:5, 4879:5, 4953:4, 5612:6	ask (inquire) / ask (request) / break (destroy or get destroyed) / bring / burn (something) / buy / call / carry / chew / choose / come / dance / dream (something) / extinguish / fasten / follow / gather / give / grind / half / hear / hit / i / join / jump / language / lick / look for / love / pick up / press / remember / seize / sell / shout / speak / split / squeeze / stand / tear (shred) / thing / think (reflect) / throw / tie / trap (catch) / wait (for) / wake up / wake up (someone) / want / wash / wife / wound
63-11	V	11	-	-	i	-	-	-	i	-	-	-	-	-	4236:6, 5018:5, 2295:6, 3075:5, 4694:6, 5556:6, 385:5, 912:6, 4091:4, 4249:5, 5515:5	bark / be born / body / break (destroy or get destroyed) / cover / cure / embrace / give / go / head / know (something) / peel / pinch / roof / scrape / sell / skin / stomach / walk
117-10	V	10	-	-	-	-	-	i	-	-	-	i	-	-	5055:4, 5484:7, 5435:3, 5435:5, 1779:3, 2927:4, 3074:13, 4043:4, 4177:7, 4823:5	basket / be silent / beard / deaf / ear / embrace / fly (move through air) / go up (ascend) / no / not / pain / sick / untie
44-9	V	9	-	-	-	-	-	-	-	Ø	-	-	i	i	68:5, 79:5, 781:5, 2771:4, 4666:5, 5521:6, 5790:6, 5969:4, 6016:7	dream (something) / drink / kill / look / love / peel / roll / rotten / see / sew / smell (perceive) / smell (stink) / stinking / swallow / want
194-9	V	9	-	i	i	-	-	-	i	Ø	Ø	-	i	k	124:5, 124:8, 559:6, 3969:5, 948:3, 1207:5, 770:3, 3178:5, 5854:5	burn (something) / flee / get lost / go up (ascend) / marry / rub / run / scrape / snore / stand / thunder / wake up / wake up (someone) / walk
58-8	V	8	-	-	-	-	i	-	-	-	-	-	-	-	526:5, 672:5, 681:5, 967:5, 2577:5, 3952:10, 4728:8, 5687:7	cloud / demon / dew / flat / ghost / lazy / plain / rainbow / smoke (exhaust) / smooth / soul / thread / worm
87-8	V	8	-	-	-	-	a	-	-	-	-	-	-	-	3952:5, 3952:7, 3952:9, 917:6, 1393:5, 1854:5, 2889:5, 4413:5	duck / father / flat / hard / hawk / mighty or powerful or strong / narrow / plain / rough / smooth / wide
98-8	V	8	-	i	-	-	-	-	i	-	-	-	-	-	26:5, 44:5, 473:5, 1454:2, 2607:4, 3592:11, 5747:5, 6159:6	become angry / cough / cover / day (not night) / dig / fear (fright) / field / fight / nest / rain (precipitation) / rib / shoot / shut / sleep
100-8	V	8	-	-	-	-	-	-	i	Ø	-	i	t	k	1085:4, 1375:4, 1730:4, 2206:4, 3205:4, 4763:4, 4879:4, 5521:5	call / crawl or creep / extinguish / fasten / hit / lick / look for / peel / shout / throw / tie / wound
241-8	V	8	-	-	-	a	-	ɨ	-	ɛ	ɨ	ɨ	-	a	5111:4, 5111:6, 59:4, 705:6, 1644:5, 2597:6, 3074:6, 6016:5	embrace / evening / fan (action) / milk / sew / small / up
280-8	V	8	-	i	-	Ø	-	i	-	i	e	-	i	i	1959:1, 1959:3, 4644:7, 4644:9, 1100:5, 3618:5, 3877:5, 5854:6	breathe / dance / fear (fright) / get tired / give / jump / rest / rub / scrape / sell / wake up / whistle
193-7	V	7	-	-	-	-	-	a	i	-	Ø	a	-	-	185:6, 1644:7, 3074:10, 3186:3, 4153:3, 5435:7, 5839:6	be silent / blow (of wind) / embrace / fan (action) / frog / nasal mucus (snot) / no / nose / not / rotten / wind
16-6	V	6	-	-	-	-	-	-	-	a	Ø	-	-	-	5292:5, 5292:7, 608:5, 1182:5, 4332:5, 5312:5	bat / bow / darkness / evening / nest / night / two
272-5	V	5	-	ɨ	-	ɨ	ɨ	n	-	Ø	-	-	i	-	559:1, 559:3, 1318:3, 4014:3, 4891:5	alcohol (fermented drink) / drunk / flute / mighty or powerful or strong / pain / tear (of eye) / thunder
31-4	V	4	-	-	-	-	-	-	-	i	-	-	i	-	845:6, 1663:6, 4475:5, 4786:6	follow / hammock / hide (conceal) / lie down / pursue / put / wet
86-4	V	4	-	-	Ø	-	-	-	-	-	Ø	-	-	i	838:5, 2329:5, 5373:5, 5582:5	cut / grow / move / old man / plant (something) / sew / weave / young man
103-4	V	4	-	i	-	i	-	-	-	Ø	-	-	i	i	565:5, 785:5, 4282:5, 5914:8	arrive / come back / fall / ring / vomit
41-3	V	3	-	-	-	o	-	-	-	Ø	-	-	-	-	686:3, 2597:10, 5650:3	evening / green / pus / small / unripe / young
50-3	V	3	-	i	-	-	-	-	-	Ø	-	-	-	-	770:7, 1765:5, 6004:5	bitter / chair / go up (ascend) / sit / sit down / stand / walk
64-3	V	3	-	-	-	-	-	-	-	-	a	-	-	-	908:4, 4226:4, 4294:4	bee / dawn / day (not night) / egg / sun / who / year
74-3	V	3	-	-	-	-	ɨ	-	-	ɨ	-	-	-	-	2136:6, 2914:5, 5943:5	claw / cotton / hand / sand
81-3	V	3	-	-	i	-	-	-	-	-	Ø	-	i	-	748:6, 2790:4, 5962:4	bury / earth (soil) / lift / see / wake up
116-3	V	3	-	a	-	a	a	-	-	Ø	Ø	i	-	-	4583:5, 5762:4, 5911:5	animal / bird / finger / palm of hand / touch
132-3	V	3	-	o	u	o	o	o	ɯ	Ø	-	-	o	o	1054:3, 4583:1, 6083:8	animal / heel / you
179-3	V	3	-	-	-	-	ɨ	Ø	-	Ø	Ø	ɨ	ɨ	ɨ	661:3, 1273:4, 4728:6	charcoal / lazy / turtle
233-3	V	3	-	ɨ	-	o	Ø	Ø	t	Ø	-	u	ʃ	o	2497:4, 3521:1, 5521:4	deaf / dirty / peel
239-3	V	3	-	-	Ø	Ø	-	a	ɾ	i	i	u	-	k	184:7, 3074:9, 4909:3	embrace / neck / spider
249-3	V	3	-	a	n	-	-	i	Ø	Ø	Ø	i	-	k	838:4, 912:4, 3592:9	break (destroy or get destroyed) / fear (fright) / sew / weave
257-3	V	3	-	-	a	-	Ø	i	t	Ø	-	-	t	k	2396:4, 4800:4, 5880:3	ask (inquire) / ask (request) / lift / salt
40-2	V	2	-	-	-	a	Ø	-	-	Ø	Ø	-	-	-	2388:6, 5301:5	all / finish / new
68-2	V	2	-	-	-	-	-	-	i	-	Ø	k	-	Ø	1769:5, 5484:6	be silent / day (not night) / light (radiation) / pain / sick
79-2	V	2	-	i	-	i	-	-	-	Ø	Ø	-	i	-	4428:5, 5015:5	heart / horn (anatomy)
109-2	V	2	-	i	-	i	-	-	-	i	Ø	i	-	-	703:7, 2168:3	flow / path / up
119-2	V	2	-	i	-	-	o	-	-	Ø	Ø	-	i	-	4537:5, 4888:5	burning / hot / tear (of eye)
120-2	V	2	-	-	i	Ø	-	Ø	-	Ø	e	Ø	-	Ø	3646:5, 4800:6	big / bone / grow / increase / lift / ripe
145-2	V	2	-	-	a	-	-	-	Ø	Ø	Ø	i	-	k	2329:4, 4722:3	cut / laugh
168-2	V	2	-	i	i	i	-	Ø	i	Ø	-	i	t	Ø	263:3, 781:4	love / press / squeeze / want
187-2	V	2	-	a	a	a	Ø	a	Ø	a	Ø	β	-	a	1023:6, 2168:1	flow / path / yellow
225-2	V	2	-	a	Ø	-	-	Ø	Ø	Ø	Ø	u	i	Ø	3592:6, 5839:5	fear (fright) / rotten
306-1	V	1	-	-	Ø	-	Ø	-	-	Ø	ɨ	-	k	-	455:5	testicles
307-1	V	1	-	-	Ø	-	Ø	-	-	Ø	-	-	o	-	455:6	testicles
309-1	V	1	-	-	-	-	-	-	-	u	Ø	-	-	-	531:4	bone
313-1	V	1	-	a	Ø	-	Ø	-	Ø	Ø	Ø	-	a	-	845:4	wet
318-1	V	1	-	Ø	-	-	-	Ø	-	ɯ	-	-	-	-	897:5	clean / white
363-1	V	1	-	-	-	-	-	-	-	Ø	i	-	-	-	4121:4	earth (soil) / forest / tree
376-1	V	1	-	i	i	-	-	Ø	-	Ø	-	-	i	i	4405:5	bathe / swim
386-1	V	1	-	-	-	-	-	Ø	-	ɨ	-	-	-	-	4440:4	heavy
392-1	V	1	-	-	i	Ø	-	Ø	t	h	Ø	-	t	i	4475:4	hide (conceal)
397-1	V	1	-	ɨ	-	Ø	Ø	Ø	-	Ø	Ø	i	t	k	4666:4	kill
404-1	V	1	-	i	i	-	-	i	i	Ø	Ø	-	t	i	4786:5	hammock / lie down / put
406-1	V	1	-	-	Ø	-	Ø	o	Ø	Ø	Ø	Ø	o	Ø	4861:4	lizard
417-1	V	1	-	i	-	i	i	-	Ø	i	-	-	i	-	5102:3	tree / wood
421-1	V	1	-	ɨ	-	-	-	-	-	-	-	-	-	-	5137:4	moon
436-1	V	1	-	a	Ø	p	Ø	-	-	Ø	Ø	-	-	-	5301:4	new
439-1	V	1	-	Ø	Ø	i	-	-	-	-	Ø	Ø	-	Ø	5333:5	no / not / sick
448-1	V	1	-	i	-	-	-	Ø	t	Ø	Ø	n	-	Ø	5484:5	pain / sick
461-1	V	1	-	-	Ø	-	-	i	Ø	-	Ø	i	-	k	5582:4	move / plant (something)
483-1	V	1	-	o	-	-	-	-	-	Ø	Ø	Ø	Ø	Ø	5898:7	elbow
492-1	V	1	-	ɨ	-	Ø	-	Ø	Ø	Ø	Ø	Ø	Ø	β	6016:4	sew
498-1	V	1	-	-	-	-	o	-	-	Ø	-	-	-	-	6081:5	root
6-57	C	57	β	β	β	β	β	β	β	b	b	β	β	β	4890:0, 5087:0, 4879:0, 5523:0, 4599:3, 5937:2, 820:0, 4823:2, 3901:0, 3901:2, 169:0, 483:2, 637:0, 691:0, 705:0, 748:0, 918:3, 928:4, 989:0, 1182:2, 1354:0, 1410:0, 1412:0, 1581:0, 1663:2, 2406:0, 2577:2, 3032:0, 3178:0, 3284:0, 3969:2, 4091:0, 4164:0, 4192:0, 4257:0, 4258:0, 4294:0, 4297:0, 4517:0, 4551:2, 4676:0, 4813:2, 4878:0, 4888:0, 4891:0, 4903:0, 4980:4, 5057:2, 5149:0, 5301:0, 5497:0, 5582:0, 5612:0, 5688:5, 5723:3, 5828:3, 6159:0	arm / armpit / baby / bark / bee / body / boil (something) / boy / bring / buy / carry / child (young human) / comb / come / cover / darkness / dawn / day (not night) / deaf / dew / ear / egg / eye / eyelash / face / finger / first / flee / follow / forehead / fruit / get / get lost / girl / go / grind / hair (head) / hand / honey / house / language / lift / lip / look for / man / marry / morning / mosquito / mouth / move / new / night / old woman / open / parrot / penis / pick up / plant (something) / press / pursue / put / rainbow / relatives / rope / run / shut / skin / speak / squeeze / summer / sun / tear (of eye) / tree stump / two / up / wake up / wasp / wave / wide / woman / year / yesterday / young / young man
216-7	C	7	β	w	β	w	w	w	β	w	p	p	w	p	852:2, 2136:0, 137:0, 2826:0, 3698:0, 4800:0, 5658:0	cotton / field / i / lift / push / river / soft / thing / water
292-5	C	5	β	w	ʔ	w	β	w	ʔ	w	w	β	w	β	279:0, 973:2, 1100:2, 1644:0, 5171:0	black / breathe / dark / fan (action) / get tired / rest / star / wound
263-4	C	4	β	w	i	h	w	Ø	β	Ø	Ø	β	w	β	1010:0, 1473:0, 1550:0, 4754:0	break (destroy or get destroyed) / leg / star / tear (shred) / write
46-3	C	3	β	w	β	w	w	w	β	w	w	β	w	β	4334:0, 5415:0, 5636:0	few / grass / one / only / pumpkin
295-3	C	3	β	h	a	h	Ø	ɨ	Ø	ɦ	Ø	a	Ø	a	3812:0, 4891:4, 5605:2	potato / tear (of eye) / what
14-2	C	2	β	β	β	β	β	β	β	β	b	β	β	β	3923:0, 4232:0	honey / husband / marry / sweet / wife
106-2	C	2	β	a	-	w	a	-	-	Ø	Ø	-	a	a	142:2, 5687:3	bloom / flower / rainbow
151-2	C	2	β	a	∼	Ø	Ø	a	n	-	n	a	a	a	908:2, 4044:3	fly (move through air) / who
185-2	C	2	β	w	ɨ	ɨ	Ø	Ø	ɨ	w	ɨ	a	ɨ	a	2933:2, 3812:2	axe / what
192-2	C	2	β	β	β	w	β	β	β	Ø	Ø	-	Ø	-	5898:0, 6159:7	cover / elbow / shut
247-2	C	2	β	β	β	β	Ø	n	Ø	Ø	Ø	Ø	∼	p	4322:2, 4861:2	lizard / snail
304-1	C	1	β	β	Ø	o	Ø	o	ɯ	Ø	u	u	β	o	455:2	testicles
399-1	C	1	β	i	Ø	Ø	i	Ø	Ø	Ø	Ø	Ø	i	Ø	4707:2	language
465-1	C	1	β	h	Ø	h	ʃ	Ø	ɯ	ʃ	ʃ	u	h	o	5714:0	red / ripe / yellow
73-12	C	12	ʔ	ʔ	ʔ	o	o	o	ʔ	u	u	u	o	o	810:0, 4694:0, 5556:0, 44:0, 473:0, 1454:0, 2223:0, 4693:0, 4722:0, 5137:0, 5962:0, 6024:0	cough / day (not night) / know (something) / laugh / light (radiation) / moon / near / nest / pinch / rain (precipitation) / see / shade / sleep / water
29-5	C	5	ʔ	ʔ	i	ʔ	ʔ	i	i	i	e	i	i	i	681:2, 967:2, 3212:2, 4583:2, 5688:7	animal / cloud / feather / leaf / rainbow / smoke (exhaust) / wing / worm
45-5	C	5	ʔ	ʔ	ʔ	i	i	i	ʔ	i	tʃ	i	i	i	4236:0, 4536:0, 4703:0, 5484:0, 5762:0	bird / give / hot / lake / pain / sell / sick
167-5	C	5	ʔ	ʔ	ʔ	a	a	a	ʔ	Ø	Ø	a	a	a	930:0, 1235:2, 1437:0, 1668:0, 2775:0	beverage / cassava / chieftain / drink / food / wife
284-4	C	4	ʔ	ʔ	Ø	ʔ	-	i	ɯ	Ø	u	u	t	Ø	459:0, 559:5, 1240:5, 5914:2	cloud / far / ring / there / thunder
136-3	C	3	ʔ	-	-	-	-	Ø	-	Ø	d	-	t	k	79:4, 1991:2, 5194:5	come / move / rotten / smell (stink) / stinking
178-3	C	3	ʔ	ʔ	t	Ø	h	ɨ	t	i	Ø	Ø	ɨ	ɨ	1854:0, 6089:2, 5556:2	father / heel / pinch
260-3	C	3	ʔ	ʔ	k	a	a	i	ʔ	Ø	Ø	k	a	k	678:2, 912:2, 1647:0	break (destroy or get destroyed) / chicken / speak / tell
278-3	C	3	ʔ	t	-	-	a	-	-	Ø	Ø	-	-	a	770:6, 1207:4, 5687:5	burn (something) / go up (ascend) / rainbow / stand / walk
18-2	C	2	ʔ	ʔ	i	ʔ	ʔ	-	-	ʔ	d	i	i	i	2091:2, 4121:2	earth (soil) / fire / forest / tree
83-2	C	2	ʔ	ʔ	ʔ	i	ʂ	i	ʔ	i	Ø	i	i	i	3074:0, 4944:0	embrace / louse
142-2	C	2	ʔ	Ø	ʔ	ɨ	ɨ	Ø	ʔ	Ø	Ø	ɨ	i	ɨ	3075:0, 3817:0	embrace / i
148-2	C	2	ʔ	ʂ	o	o	ʔ	Ø	ɯ	Ø	Ø	u	o	o	4888:2, 6142:4	knee / tear (of eye)
156-2	C	2	ʔ	ʔ	m	ʔ	ʔ	w	m	Ø	Ø	f	i	i	1644:4, 2097:2	ash / fan (action) / light (ignite)
157-2	C	2	ʔ	ʔ	o	ʔ	ʔ	a	t	Ø	d	u	Ø	o	1765:2, 4037:2	burn (something) / chair / sit / sit down
186-2	C	2	ʔ	-	o	-	-	h	k	Ø	Ø	a	i	Ø	185:3, 1621:4	blow (of wind) / chew / wind
190-2	C	2	ʔ	-	ʂ	-	Ø	-	ʂ	Ø	Ø	i	t	k	4257:2, 5556:4	carry / go / pinch
312-1	C	1	ʔ	Ø	-	o	-	-	-	Ø	Ø	Ø	-	Ø	703:5	up
367-1	C	1	ʔ	ʔ	i	-	-	-	i	Ø	Ø	i	t	k	4249:2	be born / go / walk
383-1	C	1	ʔ	ʔ	ʔ	ɨ	i	Ø	ʔ	n	i	i	i	ɨ	4440:0	heavy
414-1	C	1	ʔ	Ø	o	Ø	Ø	o	-	Ø	Ø	Ø	o	o	5069:2	cure / medicine
432-1	C	1	ʔ	a	a	ʔ	ʔ	-	-	ʔ	Ø	a	a	a	5292:2	nest
496-1	C	1	ʔ	ʔ	ɨ	ʔ	ʔ	ɨ	ɨ	ʔ	ɨ	ɨ	ɨ	ɨ	6080:2	foot / footprint
55-8	C	8	ʃ	ʃ	ʃ	ʃ	ʃ	ʃ	ʃ	ʃ	Ø	ʃ	ʃ	ʃ	672:2, 1023:3, 4332:2, 4402:4, 4728:4, 5093:2, 5747:2, 5876:2	bat / chieftain / demon / fast / ghost / hard / lazy / mighty or powerful or strong / rib / salt / shoot / soul / yellow
274-6	C	6	ʃ	ʃ	Ø	ʃ	ʃ	ʃ	tʃ	s	s	ʃ	i	ʃ	59:2, 184:0, 1010:2, 1473:2, 4038:1, 4323:0	good / small / spider / star / write
33-4	C	4	ʃ	ʃ	s	ʃ	ʃ	ʃ	s	ʃ	s	ʃ	ʃ	ʃ	2914:2, 3158:0, 5826:2, 6073:2	hammock / leg / remember / rope / sand / snake / think (reflect) / upper leg (thigh)
468-1	C	1	ʃ	i	Ø	ʃ	i	Ø	n	i	-	n	i	i	5714:3	red / ripe / yellow
12-46	C	46	ʂ	ʂ	ʂ	ʂ	ʂ	h	ʂ	ʃ	ʂ	ʃ	ʂ	ʂ	661:0, 2133:0, 928:2, 5113:0, 1271:0, 1271:2, 1816:2, 2295:2, 68:0, 175:0, 177:0, 385:0, 476:2, 501:2, 686:0, 729:0, 838:0, 918:2, 962:0, 1084:0, 1144:0, 1410:3, 1550:2, 1730:2, 2136:2, 2206:2, 2329:0, 2539:2, 3102:0, 3550:0, 3654:2, 4376:2, 4435:0, 4537:0, 4551:0, 4763:2, 4827:0, 4861:0, 4862:0, 4920:2, 4972:0, 5063:2, 5111:0, 5194:0, 5364:0, 5515:0	back / bark / break (destroy or get destroyed) / breast / burning / chest / comb / cotton / crawl or creep / cure / cut / deer / empty / fasten / fat (organic substance) / few / girl / green / half / hide (conceal) / hot / house / lick / light (weight) / lip / lizard / maize / milk / mouth / move / neck / old / old man / old woman / peel / rough / rub / scrape / sew / skin / small / smell (perceive) / smell (stink) / some / split / stomach / tear (shred) / thick / thorn / tie / turtle / unripe / vulture / weave / wide / woman / worm / young / young woman
165-3	C	3	ʂ	ʂ	p	a	a	a	p	a	t	a	a	a	44:2, 212:4, 810:3	day (not night) / nest / sleep / spin / water
171-3	C	3	ʂ	ʂ	s	ʃ	ʂ	h	ʂ	Ø	Ø	n	ʂ	∼	184:4, 185:0, 426:2	blow (of wind) / buttocks / spider / wind
205-3	C	3	ʂ	ʃ	-	-	Ø	ʃ	Ø	Ø	Ø	ʃ	ʃ	ʂ	3190:2, 4322:4, 5523:2	nasal mucus (snot) / penis / snail
17-2	C	2	ʂ	ʂ	ʂ	ʂ	ʂ	h	ʂ	ʂ	ʂ	ʃ	ʂ	ʂ	531:0, 4772:0	bone / tooth
176-2	C	2	ʂ	Ø	-	ʂ	Ø	Ø	ɨ	Ø	ɨ	ɨ	ʂ	ɨ	4754:4, 5974:2	eye / leg / seed
177-2	C	2	ʂ	Ø	-	ʃ	ʂ	Ø	Ø	Ø	Ø	ʃ	ʂ	ʂ	1393:4, 1412:2	comb / hard / mighty or powerful or strong / narrow / rough
217-2	C	2	ʂ	ʃ	Ø	s	a	h	ʃ	Ø	Ø	a	Ø	ʂ	287:3, 5521:2	lung / peel
245-2	C	2	ʂ	ʔ	ʂ	Ø	ʃ	Ø	ʂ	Ø	Ø	Ø	-	ʃ	810:5, 6016:2	sew / water
315-1	C	1	ʂ	Ø	o	ʂ	ʂ	Ø	ɯ	k	u	u	ʂ	o	897:2	clean / white
373-1	C	1	ʂ	ʃ	ʃ	ʃ	i	Ø	ʃ	Ø	s	ʃ	ʃ	ʃ	4405:2	bathe / swim
411-1	C	1	ʂ	Ø	Ø	ʃ	Ø	o	Ø	Ø	Ø	u	Ø	ʂ	5015:3	horn (anatomy)
419-1	C	1	ʂ	ʂ	ʂ	ɨ	ɨ	n	ʂ	ɨ	ɨ	ɨ	ɨ	ɨ	5137:2	moon
430-1	C	1	ʂ	o	ʂ	ʂ	Ø	Ø	ʂ	Ø	Ø	ʃ	ʂ	ʂ	5283:4	needle (for sewing)
480-1	C	1	ʂ	o	ʂ	ʂ	o	n	ɯ	Ø	Ø	Ø	Ø	Ø	5898:4	elbow
501-1	C	1	ʂ	Ø	Ø	-	-	-	Ø	Ø	-	-	-	Ø	6092:4	black / dark
85-3	C	3	Ø	n	-	-	p	-	-	Ø	Ø	n	-	-	770:4, 4297:7, 4413:4	go up (ascend) / hawk / stand / summer / walk / year
160-3	C	3	Ø	s	s	s	s	ʃ	s	Ø	s	s	ʂ	s	79:2, 279:2, 5023:6	brain / rotten / smell (stink) / star / stinking
266-3	C	3	Ø	-	Ø	ʂ	Ø	k	Ø	j	n	ʃ	-	ʃ	3186:2, 3522:2, 4909:2	clean / nasal mucus (snot) / neck / nose
297-3	C	3	Ø	p	Ø	-	t	Ø	ɯ	Ø	Ø	t	ʃ	t	4038:2, 4912:4, 5521:3	necklace / peel / star
72-2	C	2	Ø	-	-	-	n	-	-	Ø	-	Ø	-	-	2914:4, 4728:7	lazy / sand
200-2	C	2	Ø	Ø	Ø	Ø	r	-	-	Ø	-	t	-	-	3952:4, 5911:4	finger / flat / palm of hand / plain / smooth / touch
220-2	C	2	Ø	ʔ	Ø	m	ʔ	Ø	ɨ	Ø	ɨ	ɨ	m	ɨ	1318:2, 5354:2	alcohol (fermented drink) / drunk / mighty or powerful or strong / now / pain
246-2	C	2	Ø	ts	Ø	tʃ	Ø	tʃ	Ø	Ø	tʃ	t	ts	t	973:0, 3522:3	clean / wound
267-2	C	2	Ø	-	kʷ	-	-	Ø	k	Ø	Ø	Ø	k	Ø	852:4, 6042:0	i / sharp / thing
301-1	C	1	Ø	Ø	-	Ø	Ø	-	ɲ	Ø	Ø	-	Ø	-	107:4	snail
308-1	C	1	Ø	t	o	Ø	t	Ø	ɯ	t	Ø	u	t	o	467:2	they
319-1	C	1	Ø	-	-	Ø	-	Ø	-	t	Ø	-	-	-	1182:4	two
332-1	C	1	Ø	Ø	p	Ø	Ø	Ø	p	Ø	Ø	Ø	β	Ø	2295:0	cure
337-1	C	1	Ø	k	i	i	Ø	i	Ø	Ø	Ø	i	i	i	2406:3	darkness / morning / night / yesterday
339-1	C	1	Ø	ʃ	-	-	Ø	-	Ø	Ø	Ø	i	-	-	2406:5	darkness / morning / night / yesterday
341-1	C	1	Ø	-	Ø	n	-	Ø	-	Ø	Ø	Ø	Ø	Ø	2597:9	evening
344-1	C	1	Ø	Ø	Ø	Ø	Ø	s	Ø	Ø	Ø	-	Ø	-	2836:6	drunk
353-1	C	1	Ø	Ø	Ø	Ø	m	p	p	Ø	p	Ø	p	Ø	3952:0	flat / plain / smooth
354-1	C	1	Ø	Ø	Ø	Ø	m	-	-	Ø	-	Ø	-	Ø	3952:8	flat / plain / smooth
355-1	C	1	Ø	ʔ	Ø	-	-	-	Ø	Ø	Ø	i	-	k	3985:4	float / swim
357-1	C	1	Ø	Ø	Ø	Ø	Ø	Ø	Ø	Ø	Ø	-	-	r	4038:6	star
361-1	C	1	Ø	tʃ	ʂ	Ø	tʃ	tʃ	Ø	tʃ	ts	tʃ	tʃ	tʃ	4091:2	bark / body / skin
364-1	C	1	Ø	Ø	Ø	Ø	-	p	Ø	Ø	-	Ø	Ø	Ø	4177:6	basket
379-1	C	1	Ø	h	n	h	h	o	n	Ø	Ø	u	h	o	4428:0	heart
381-1	C	1	Ø	n	t	∼	t	t	t	Ø	Ø	t	∼	t	4428:3	heart
382-1	C	1	Ø	t	u	t	i	i	ɯ	Ø	Ø	i	t	i	4428:4	heart
394-1	C	1	Ø	ʔ	-	-	-	-	-	Ø	Ø	Ø	-	-	4583:6	animal
400-1	C	1	Ø	-	Ø	-	ʂ	Ø	-	Ø	Ø	Ø	Ø	Ø	4728:5	lazy
409-1	C	1	Ø	n	-	-	-	-	-	Ø	Ø	n	∼	∼	4903:6	face / forehead
440-1	C	1	Ø	Ø	Ø	Ø	Ø	Ø	-	Ø	Ø	-	-	k	5373:4	grow / old man / young man
442-1	C	1	Ø	-	Ø	s	-	Ø	Ø	Ø	Ø	-	-	-	5415:5	few / one / only
443-1	C	1	Ø	m	m	Ø	m	Ø	Ø	m	Ø	p	m	m	5435:0	be silent / no / not
444-1	C	1	Ø	-	-	Ø	-	Ø	Ø	-	Ø	s	-	-	5435:2	be silent / no / not
445-1	C	1	Ø	-	-	Ø	-	Ø	Ø	-	Ø	m	-	-	5435:6	be silent / no / not
457-1	C	1	Ø	h	i	h	h	i	Ø	i	i	i	Ø	i	5568:0	penis / piss
460-1	C	1	Ø	n	-	∼	-	-	Ø	u	-	n	Ø	t	5568:4	penis / piss
464-1	C	1	Ø	ʂ	ʂ	ʂ	ʂ	h	ʃ	Ø	Ø	ʃ	ʂ	ʂ	5705:2	blue / raw
488-1	C	1	Ø	s	t	Ø	s	Ø	t	Ø	-	Ø	s	Ø	5969:2	dream (something) / look / see
491-1	C	1	Ø	n	-	-	-	-	-	Ø	-	-	-	-	6004:4	bitter
493-1	C	1	Ø	Ø	n	Ø	Ø	Ø	n	Ø	Ø	Ø	ʃ	Ø	6042:2	sharp
494-1	C	1	Ø	Ø	-	Ø	Ø	Ø	k	Ø	Ø	Ø	-	Ø	6042:4	sharp
505-1	C	1	Ø	k	Ø	Ø	Ø	Ø	Ø	Ø	Ø	-	Ø	i	6159:5	cover / shut
65-23	C	23	tʃ	tʃ	tʃ	tʃ	tʃ	tʃ	tʃ	Ø	ts	tʃ	tʃ	tʃ	165:0, 165:2, 2949:2, 3522:0, 3443:0, 3443:2, 4177:0, 4177:2, 175:2, 426:0, 793:0, 820:2, 847:0, 985:0, 1269:1, 1621:0, 1663:0, 1711:2, 1840:0, 2097:0, 2287:0, 4402:0, 4728:0	ash / basket / big / breast / buttocks / chest / chew / chili pepper / clean / cloth / clothes / ear / follow / hard / lazy / light (ignite) / long / older sister / pursue / seize / suckle (breastfeed, nurse) / trap (catch) / wash / wave / wet / wrinkled
66-3	C	3	tʃ	ʔ	tʃ	tʃ	Ø	tʃ	tʃ	Ø	tʃ	tʃ	tʃ	tʃ	137:2, 845:2, 5403:0	older sister / soft / wet / younger sister
242-3	C	3	tʃ	ʔ	i	ʔ	Ø	i	tʃ	ʔ	Ø	a	i	i	2168:2, 4644:0, 6089:4	dance / flow / heel / jump / path
76-2	C	2	tʃ	tʃ	tʃ	tʃ	Ø	ts	tʃ	Ø	ʈʂ	tʃ	tʃ	tʃ	107:2, 2539:0	deer / snail
91-2	C	2	tʃ	tʃ	tʃ	tʃ	Ø	tʃ	tʃ	Ø	tʃ	ts	Ø	tʃ	155:2, 263:0	bitter / press / sour / squeeze
127-2	C	2	tʃ	tʃ	ts	tʃ	tʃ	tʃ	ts	Ø	Ø	Ø	tʃ	m	705:2, 3032:2	egg / up
328-1	C	1	tʃ	tʃ	ts	tʃ	tʃ	Ø	ts	tʃ	Ø	tʃ	tʃ	tʃ	2091:0	fire
441-1	C	1	tʃ	Ø	Ø	tʃ	Ø	i	Ø	Ø	Ø	i	tʃ	i	5393:2	older brother
500-1	C	1	tʃ	Ø	Ø	ʂ	k	h	Ø	Ø	ʂ	ʃ	ʂ	Ø	6092:2	black / dark
125-11	C	11	ts	ts	ts	ts	ts	ts	ts	ts	ts	ts	ts	ts	4129:0, 4129:2, 908:0, 1085:0, 1273:0, 1765:0, 1916:2, 3493:0, 3495:0, 5558:0, 6083:3	chair / charcoal / cold / fart / fish / heel / hit / pinch / sit / sit down / throw / who / wind / wound
276-3	C	3	ts	tʃ	ts	tʃ	i	Ø	ts	Ø	Ø	t	a	t	3521:3, 3656:2, 4536:2	dirty / hot / many
323-1	C	1	ts	ts	ts	a	a	a	ts	Ø	Ø	Ø	a	Ø	1437:2	cassava
472-1	C	1	ts	ʔ	s	Ø	a	Ø	s	Ø	Ø	Ø	a	Ø	5762:2	bird
485-1	C	1	ts	ts	Ø	ts	i	Ø	Ø	Ø	ts	i	ts	i	5952:3	claw / fingernail
10-48	C	48	t	t	t	t	t	t	t	t	t	t	t	t	288:0, 6080:0, 4413:0, 4413:2, 476:3, 4297:4, 5164:0, 5164:2, 258:2, 3654:0, 559:0, 917:3, 4169:0, 5790:0, 5955:2, 5955:4, 212:0, 236:2, 287:0, 729:2, 912:0, 1131:0, 1144:3, 1410:5, 1412:3, 1648:0, 1769:2, 1813:2, 2329:2, 2913:2, 3097:2, 3618:2, 4044:4, 4178:0, 4232:2, 4763:0, 4772:2, 4827:2, 4909:0, 4912:0, 4920:0, 5074:0, 5415:3, 5854:0, 5876:0, 6081:0, 6083:0, 6089:0	back / basket / be silent / break (destroy or get destroyed) / bridge / cheek / chicken / comb / cut / day (not night) / dust / fear (fright) / few / finger / flour / fly (move through air) / foot / footprint / gather / girl / hawk / heel / honey / join / lick / light (radiation) / light (weight) / liver / lung / mother / navel / neck / necklace / one / only / roll / root / rub / salt / scrape / some / spin / spread out / summer / sweet / thick / thunder / tooth / vulture / wake up / wide / woman / year / yellow / young woman
289-4	C	4	t	t	-	-	-	i	Ø	t	ts	i	t	t	59:3, 608:4, 2072:3, 3969:4	bow / cooking pot / flee / run / small
277-3	C	3	t	ʂ	t	s	s	Ø	-	Ø	ʃ	s	ʂ	s	526:4, 917:2, 2497:2	deaf / thread / wide
183-2	C	2	t	ʔ	k	k	Ø	k	i	Ø	t	k	k	k	2406:2, 5914:6	darkness / morning / night / ring / yesterday
226-2	C	2	t	t	a	Ø	Ø	Ø	a	Ø	Ø	Ø	a	a	5612:3, 6024:2	grind / light (radiation) / press / shade / squeeze
254-2	C	2	t	t	Ø	Ø	Ø	-	t	Ø	Ø	i	a	i	1647:2, 2775:4	beverage / chicken / drink
299-1	C	1	t	t	t	t	h	t	t	Ø	d	Ø	t	t	68:2	smell (perceive) / smell (stink)
321-1	C	1	t	t	t	t	i	t	t	Ø	Ø	Ø	t	Ø	1396:3	canoe
349-1	C	1	t	-	t	-	-	-	t	-	-	i	t	t	3246:2	bite / eat / fish / food / tooth
395-1	C	1	t	ʔ	t	Ø	Ø	Ø	t	Ø	Ø	t	t	t	4666:2	kill
402-1	C	1	t	Ø	a	tʃ	Ø	Ø	Ø	Ø	Ø	Ø	t	Ø	4754:2	leg
122-16	C	16	s	s	s	s	s	s	s	s	s	s	s	s	3877:0, 3877:2, 26:0, 5828:2, 526:2, 748:2, 1273:2, 1737:3, 3493:4, 3495:4, 4169:2, 4334:2, 5171:2, 5373:2, 5415:2, 5880:0	basket / become angry / black / charcoal / choose / dark / fart / few / fight / grass / grow / lift / old man / one / only / rope / salt / thread / wake up / whistle / wind / young man
114-2	C	2	s	s	o	s	s	o	ɯ	u	u	u	Ø	s	5568:2, 5914:4	penis / piss / ring
135-2	C	2	s	Ø	s	ts	a	Ø	s	Ø	Ø	s	Ø	s	3951:0, 4536:4	flat / hot
446-1	C	1	s	s	s	i	i	Ø	s	Ø	Ø	i	i	Ø	5484:2	pain / sick
463-1	C	1	s	Ø	Ø	s	h	Ø	Ø	Ø	n	Ø	Ø	Ø	5672:0	lift / put
487-1	C	1	s	s	Ø	s	i	Ø	Ø	Ø	s	i	s	-	5952:5	claw / fingernail
11-40	C	40	r	r	r	r	r	ɾ	ɾ	tʃ	d	r	r	r	3875:2, 4786:0, 4890:2, 3186:0, 4402:2, 5828:0, 112:0, 212:2, 392:2, 404:2, 526:0, 559:2, 575:0, 637:2, 691:2, 1182:0, 1351:2, 1393:2, 2933:0, 3190:0, 3192:0, 3592:0, 3618:0, 4014:0, 4294:2, 4297:2, 4323:2, 4349:0, 4666:0, 4891:2, 5023:4, 5034:0, 5069:0, 5354:0, 5521:0, 5636:2, 5658:2, 5790:2, 5854:2, 6142:0	axe / body / boy / brain / buy / cure / dawn / day (not night) / egg / eye / fear (fright) / feather / firewood / flour / flute / good / grind / hair (body) / hammock / hard / kill / knee / lie down / medicine / mighty or powerful or strong / narrow / nasal mucus (snot) / nose / now / peel / person / pumpkin / push / put / roll / rope / rough / rub / scrape / sell / smoke (inhale) / snake / spin / summer / sun / sweet potato, yam / tear (of eye) / thread / thunder / tobacco / tree stump / two / wake up / year / young man
265-3	C	3	r	Ø	Ø	a	p	ɾ	ɾ	Ø	d	Ø	tʃ	o	2223:2, 3952:2, 4644:2	dance / flat / jump / near / plain / smooth
320-1	C	1	r	n	n	n	n	m	n	Ø	Ø	Ø	n	Ø	1396:0	canoe
9-45	C	45	p	p	p	p	p	p	p	p	p	p	p	p	5471:0, 5471:2, 4282:0, 5747:0, 3568:0, 3568:2, 1420:0, 1420:2, 2949:0, 4241:2, 59:0, 79:0, 236:0, 279:3, 305:0, 917:0, 1023:0, 1318:0, 1483:2, 1837:0, 1840:2, 2079:2, 2133:2, 2496:0, 2497:0, 2836:0, 2913:0, 2927:0, 3212:0, 3246:0, 3493:2, 3495:2, 3951:2, 4178:2, 4813:0, 4823:0, 5018:2, 5023:2, 5605:0, 5705:0, 5802:0, 5810:0, 5839:0, 6069:0, 6081:2	alcohol (fermented drink) / arm / arrow / ash / belly / bite / blue / bow / brain / burning / carry / center or middle / cloth / clothes / cotton / cover / deaf / dig / drunk / dust / ear / eat / fall / fart / father / feather / first / fish / flat / flour / fly (insect) / food / gather / head / inside / join / leaf / light (weight) / mighty or powerful or strong / mud / owl / pain / potato / raw / rib / roof / root / rotten / shit (defecate) / shoot / shoulder / small / smell (stink) / spread out / star / stinking / stomach / throw / tooth / untie / wide / wind / wing / yellow
283-4	C	4	p	p	p	tʃ	Ø	o	p	Ø	ts	tʃ	o	tʃ	1668:2, 3521:0, 6083:5, 6089:6	chieftain / dirty / heel
298-4	C	4	p	t	t	t	i	o	Ø	n	Ø	i	-	Ø	26:4, 307:2, 608:2, 985:3	become angry / bow / fight / stomach / wrinkled
253-3	C	3	p	p	Ø	Ø	ʔ	a	p	a	d	p	a	a	1625:0, 1647:4, 1854:2	chicken / cloth / father / wash
174-2	C	2	p	ʂ	β	p	ʂ	h	n	Ø	b	p	p	p	5403:2, 5898:2	elbow / older sister / younger sister
331-1	C	1	p	p	-	p	p	Ø	-	Ø	Ø	Ø	o	o	2097:6	ash / light (ignite)
5-79	C	79	n	n	n	n	n	n	n	n	n	n	n	n	2745:0, 2889:0, 2889:2, 3158:2, 3985:0, 3985:2, 565:0, 4879:2, 4043:0, 5625:0, 5625:2, 4980:0, 4980:6, 258:0, 2607:0, 511:2, 6043:2, 26:2, 107:0, 112:2, 124:0, 169:2, 184:2, 263:2, 271:0, 483:4, 691:4, 703:2, 770:0, 823:0, 918:0, 930:3, 938:0, 962:2, 967:0, 1084:2, 1238:0, 1240:0, 1375:2, 1483:0, 1730:0, 1779:1, 1959:2, 2350:0, 2520:0, 2577:0, 3178:2, 3205:0, 3550:2, 3769:0, 3923:2, 4025:0, 4044:0, 4121:0, 4226:2, 4241:0, 4258:3, 4322:0, 4349:2, 4421:0, 4468:0, 4508:2, 4517:2, 4537:2, 4676:2, 4834:2, 4903:4, 4953:0, 5034:2, 5248:0, 5292:0, 5364:2, 5582:2, 5658:4, 5672:2, 5687:0, 5688:0, 5826:0, 6051:2	arrive / become angry / bee / below or under / boil (something) / boy / burning / call / carry / center or middle / cloud / come back / deep / dew / dig / dream (something) / duck / earth (soil) / extinguish / face / fasten / fat (organic substance) / feather / field / fight / float / flour / fly (insect) / fly (move through air) / follow / forehead / forest / get lost / give / go up (ascend) / grind / hair (body) / hammock / hear / here / hole / honey / hot / husband / inside / language / lift / lightning / look for / love / man / marry / mosquito / move / navel / nest / old / old man / old woman / plant (something) / press / pull / push / put / rainbow / remember / rope / sell / sharp / sharpen (something) / shout / sky / snail / snake / snore / speak / spider / spring or well / squeeze / stand / swim / think (reflect) / thou / thunder / tie / tree / up / walk / want / wasp / we / wide / wife / wind / woman / worm / young man
164-12	C	12	n	n	∼	-	n	n	n	l	Ø	-	∼	-	236:6, 4323:6, 1023:2, 1023:5, 124:3, 691:6, 741:2, 820:4, 1144:2, 2136:5, 5790:4, 5943:4	boy / claw / cotton / girl / good / hand / roll / snore / spread out / wait (for) / wave / wide / woman / yellow / young man / young woman
121-7	C	7	n	n	∼	∼	m	n	n	Ø	p	n	∼	∼	522:4, 917:5, 1625:2, 2889:4, 3192:4, 4599:2, 5688:4	cloth / duck / nose / rainbow / thread / wash / wide / woman
206-6	C	6	n	-	-	∼	-	-	-	h	Ø	-	-	-	271:4, 741:4, 1240:7, 4349:6, 5069:6, 6089:8	cloud / cure / flour / grind / heel / medicine / stand / wait (for)
25-5	C	5	n	-	-	-	-	-	-	-	-	-	-	-	1581:4, 3817:2, 3923:6, 4878:6, 6092:6	black / bring / come / dark / eyelash / face / forehead / husband / i / marry / open / wife
96-5	C	5	n	n	-	∼	n	-	-	-	-	-	-	-	681:4, 967:4, 1483:4, 4693:4, 5802:4	center or middle / cloud / dig / inside / know (something) / shoulder / smoke (exhaust) / throw / worm
287-5	C	5	n	ʔ	ʔ	i	m	p	ʔ	Ø	p	p	i	p	985:2, 1131:2, 3656:0, 5175:2, 6159:2	bridge / cover / jaw / many / mouth / shut / wrinkled
138-4	C	4	n	ʂ	-	-	-	-	Ø	Ø	Ø	n	-	∼	823:2, 4722:4, 4754:6, 4878:5	eyelash / face / forehead / laugh / leg / open / we
196-4	C	4	n	-	ɲ	∼	-	n	n	ɦ	-	-	∼	-	185:2, 287:5, 1100:4, 5672:4	blow (of wind) / breathe / get tired / lift / lung / put / rest / wind
281-4	C	4	n	n	∼	∼	t	a	n	Ø	Ø	Ø	p	i	810:2, 2597:2, 4165:4, 4644:4	basket / dance / evening / jump / water
124-3	C	3	n	ʔ	-	-	n	-	-	Ø	Ø	-	t	-	2079:4, 4537:4, 4888:4	ash / burning / dust / hot / mud / tear (of eye)
139-3	C	3	n	n	i	n	-	-	Ø	Ø	Ø	n	a	k	785:4, 989:4, 5558:4	arm / armpit / pinch / put / vomit
207-3	C	3	n	n	∼	p	-	t	n	Ø	Ø	t	∼	∼	2072:2, 2520:4, 2597:5	cooking pot / deep / evening
228-3	C	3	n	p	∼	ʔ	-	o	n	Ø	u	u	o	o	703:4, 1131:3, 6159:3	bridge / cover / shut / up
259-3	C	3	n	Ø	β	∼	ʂ	n	β	Ø	Ø	ʃ	∼	∼	287:2, 847:2, 1033:3	lung / wet / yes
279-3	C	3	n	n	Ø	Ø	-	ai	ɯ	Ø	Ø	u	i	Ø	459:2, 559:4, 4693:2	far / know (something) / there / thunder
21-2	C	2	n	n	∼	∼	n	n	n	Ø	n	n	∼	-	5636:4, 6081:4	pumpkin / root
43-2	C	2	n	n	∼	∼	-	n	n	-	Ø	n	∼	∼	3158:4, 5248:4	below or under / remember / think (reflect)
56-2	C	2	n	n	a	n	n	a	a	Ø	Ø	a	a	a	785:2, 4583:4	animal / vomit
77-2	C	2	n	n	t	∼	-	i	t	Ø	n	n	∼	k	781:3, 1663:4	follow / love / pursue / want
88-2	C	2	n	n	i	n	n	i	i	Ø	ɨ	ɨ	n	Ø	815:2, 2813:2	man / milk / person / river / water
92-2	C	2	n	n	n	a	a	Ø	n	Ø	Ø	a	a	a	4236:2, 4694:2	give / know (something) / sell
144-2	C	2	n	t	t	t	t	tʃ	Ø	Ø	Ø	n	t	t	1054:2, 4153:0	frog / you
154-2	C	2	n	n	∼	∼	t	n	n	Ø	Ø	a	∼	a	1396:2, 2836:3	canoe / drunk
181-2	C	2	n	n	n	k	Ø	n	n	l	Ø	k	n	k	1648:2, 1769:0	be silent / chicken / day (not night) / light (radiation)
188-2	C	2	n	β	β	β	w	β	Ø	β	Ø	a	Ø	β	2168:0, 5687:2	flow / path / rainbow
189-2	C	2	n	n	n	n	i	ɨ	n	Ø	n	Ø	i	Ø	3646:2, 4891:6	big / bone / grow / increase / ripe / tear (of eye)
214-2	C	2	n	ʂ	t	-	Ø	-	t	Ø	Ø	-	t	i	5612:5, 5962:3	grind / press / see / squeeze
234-2	C	2	n	β	n	∼	Ø	h	Ø	Ø	Ø	ʃ	∼	∼	5015:2, 6142:2	horn (anatomy) / knee
310-1	C	1	n	n	∼	∼	n	n	n	Ø	Ø	-	∼	∼	672:4	demon / ghost / soul
366-1	C	1	n	n	n	-	-	Ø	n	Ø	Ø	-	-	k	4236:4	give / sell
372-1	C	1	n	n	n	n	a	Ø	n	Ø	n	n	n	n	4405:0	bathe / swim
377-1	C	1	n	n	Ø	∼	k	Ø	Ø	Ø	Ø	k	Ø	k	4421:2	hear
387-1	C	1	n	n	Ø	Ø	a	n	ɾ	Ø	-	n	Ø	Ø	4468:2	here
390-1	C	1	n	n	ɨ	Ø	n	Ø	n	n	Ø	ɨ	n	ɨ	4475:2	hide (conceal)
401-1	C	1	n	n	a	n	n	a	a	n	a	a	n	a	4751:2	mouth / tongue
407-1	C	1	n	ʔ	n	p	-	Ø	Ø	Ø	Ø	Ø	-	Ø	4878:2	eyelash / face / forehead / open
412-1	C	1	n	n	n	n	n	n	n	l	n	n	n	n	5035:0	body / meat / relatives
413-1	C	1	n	n	n	n	n	Ø	n	Ø	Ø	ʃ	n	Ø	5055:2	beard
424-1	C	1	n	n	ɨ	n	n	ɨ	ɨ	l	Ø	ɨ	n	ɨ	5233:2	name
435-1	C	1	n	ʔ	Ø	n	Ø	n	n	Ø	Ø	n	n	n	5301:2	new
447-1	C	1	n	n	∼	-	i	Ø	n	Ø	Ø	i	-	Ø	5484:4	pain / sick
455-1	C	1	n	n	a	a	n	a	a	Ø	Ø	a	n	Ø	5527:2	tail
467-1	C	1	n	ʃ	Ø	∼	n	Ø	i	n	n	i	ʃ	ʃ	5714:2	red / ripe / yellow
470-1	C	1	n	i	Ø	∼	-	Ø	-	-	-	-	-	-	5714:5	red / ripe / yellow
475-1	C	1	n	j	Ø	j	Ø	n	Ø	Ø	Ø	j	j	j	5810:2	arm
478-1	C	1	n	-	Ø	-	Ø	n	Ø	Ø	Ø	-	-	-	5810:5	arm
484-1	C	1	n	n	Ø	∼	ts	Ø	Ø	Ø	n	ts	∼	ts	5952:2	claw / fingernail
7-47	C	47	m	m	m	m	m	m	m	m	m	m	m	m	4164:2, 5074:2, 575:2, 4903:2, 3522:5, 5113:2, 177:2, 501:0, 507:0, 511:0, 522:2, 597:0, 651:0, 703:0, 741:0, 845:0, 948:0, 1054:0, 1351:0, 1916:0, 1959:0, 2079:0, 2136:3, 2206:0, 2520:2, 2687:2, 2745:2, 2790:0, 2914:0, 2954:2, 3097:0, 4226:0, 5015:0, 5018:0, 5023:0, 5035:2, 5111:2, 5248:2, 5312:2, 5558:2, 5911:0, 5914:0, 5937:0, 5943:0, 5952:0, 5955:0, 6004:0	ash / axe / bee / below or under / bitter / body / brain / breast / burning / bury / buy / cheek / chest / claw / clean / cold / cotton / cover / crawl or creep / darkness / deep / dog / dream (something) / dust / earth (soil) / evening / face / finger / fingernail / flour / forehead / fruit / girl / give / hand / head / horn (anatomy) / laugh / meat / milk / mud / night / palm of hand / pinch / play / relatives / ring / roof / sand / sell / smoke (inhale) / straight / thorn / thou / thread / tobacco / touch / up / wait (for) / wake up / wake up (someone) / wet / you / young woman
291-3	C	3	m	m	s	a	a	Ø	m	Ø	Ø	a	a	Ø	2223:4, 4722:2, 5354:3	laugh / near / now
123-2	C	2	m	m	a	m	m	ai	a	ʔ	Ø	Ø	m	Ø	609:2, 5333:2	no / not / path / sick / town or village
158-2	C	2	m	m	p	m	m	k	p	Ø	n	Ø	a	a	2097:4, 4177:4	ash / basket / light (ignite)
270-2	C	2	m	Ø	k	m	Ø	a	a	Ø	Ø	Ø	ɨ	Ø	4800:3, 5390:2	ant / lift
300-1	C	1	m	m	i	m	m	i	i	m	i	i	m	i	75:2	blood / relatives
408-1	C	1	m	o	i	ɨ	-	Ø	Ø	Ø	Ø	Ø	-	Ø	4878:3	eyelash / face / forehead / open
428-1	C	1	m	ʔ	m	m	Ø	Ø	m	Ø	Ø	m	m	m	5283:2	needle (for sewing)
8-56	C	56	k	k	k	k	k	k	k	k	k	k	k	k	3875:0, 4786:2, 565:2, 2072:0, 4376:0, 4376:3, 1240:3, 4037:0, 5194:2, 6043:0, 155:0, 305:2, 385:2, 404:0, 476:0, 483:0, 608:0, 705:4, 1085:2, 1144:5, 1207:0, 1393:0, 1621:2, 1644:2, 1737:0, 1813:0, 1816:0, 2388:0, 2396:2, 2687:0, 2826:2, 2927:2, 3102:2, 3192:2, 3205:2, 3592:2, 4165:0, 4282:2, 4332:0, 4435:2, 4508:0, 4728:2, 4834:0, 4862:2, 4972:2, 4980:2, 5063:0, 5093:0, 5175:0, 5515:2, 5650:0, 5723:0, 5943:2, 6004:2, 6016:0, 6073:0	all / arrive / ask (inquire) / ask (request) / back / bark / basket / bat / belly / bitter / boil (something) / bow / burn (something) / chew / chieftain / choose / claw / cloud / come back / cooking pot / dog / empty / extinguish / fall / fan (action) / fast / fear (fright) / finish / firewood / girl / half / hammock / hand / hard / hide (conceal) / hit / hole / jaw / lazy / leg / lie down / lightning / lip / lizard / maize / man / mighty or powerful or strong / mouth / move / narrow / nose / peel / pus / put / relatives / river / rough / scrape / sew / sharp / skin / sour / split / stomach / sweet potato, yam / thick / throw / thunder / untie / up / upper leg (thigh) / water / woman / wound / young woman
39-8	C	8	k	k	kʷ	k	k	k	kʷ	k	kʷ	k	k	k	288:2, 781:0, 1375:0, 4025:2, 4249:0, 5055:0, 5057:0, 6051:0	be born / beard / call / fly (insect) / go / lip / liver / love / mosquito / mouth / sharpen (something) / shout / walk / want
223-4	C	4	k	k	k	o	o	k	k	Ø	Ø	ts	o	o	2295:3, 3075:2, 473:2, 651:2	cough / cure / embrace / laugh / play / straight
235-4	C	4	k	-	-	Ø	-	o	a	Ø	Ø	-	t	-	236:4, 4323:4, 185:4, 5790:5	blow (of wind) / good / roll / spread out / wide / wind
82-3	C	3	k	-	t	-	-	-	t	-	-	i	t	k	1550:5, 1581:2, 4953:3	break (destroy or get destroyed) / bring / come / follow / love / tear (shred) / want
229-3	C	3	k	ʔ	k	Ø	a	n	k	-	k	Ø	a	-	59:5, 3646:0, 4165:2	basket / big / bone / grow / increase / ripe / small
23-2	C	2	k	k	k	k	k	k	Ø	kʷ	kʷ	k	k	k	681:0, 3284:2	baby / boy / child (young human) / cloud / girl / smoke (exhaust) / young
153-2	C	2	k	ʂ	ʃ	ʂ	-	h	ʂ	Ø	Ø	ʃ	ʂ	ʂ	989:2, 2771:0	arm / armpit / drink / put / swallow
172-2	C	2	k	k	k	a	k	-	-	Ø	-	k	-	k	793:2, 3952:6	flat / plain / smooth / wash
211-2	C	2	k	k	-	Ø	k	-	-	Ø	Ø	u	-	-	3074:2, 5069:4	cure / embrace / medicine
345-1	C	1	k	Ø	Ø	k	k	Ø	Ø	Ø	Ø	i	k	Ø	3136:2	enter
352-1	C	1	k	-	-	-	-	-	-	-	-	-	-	-	3923:4	husband / marry / wife
371-1	C	1	k	-	Ø	Ø	Ø	Ø	Ø	Ø	Ø	i	t	-	4349:4	flour / grind
378-1	C	1	k	k	Ø	k	a	Ø	Ø	Ø	Ø	a	Ø	a	4421:3	hear
451-1	C	1	k	i	Ø	Ø	Ø	k	Ø	Ø	Ø	k	i	k	5523:3	penis
474-1	C	1	k	k	-	Ø	Ø	Ø	Ø	Ø	Ø	k	Ø	t	5802:2	dig / shoulder / throw
481-1	C	1	k	ʂ	o	k	t	-	ʂ	Ø	Ø	Ø	Ø	Ø	5898:5	elbow
499-1	C	1	k	Ø	Ø	tʃ	tʃ	tʃ	Ø	Ø	ʈʂ	tʃ	tʃ	Ø	6092:0	black / dark
61-15	C	15	j	j	ɲ	j	j	j	ɲ	j	Ø	j	j	j	928:0, 5113:4, 392:0, 522:0, 672:0, 678:0, 1235:0, 2396:0, 2597:0, 2954:0, 4043:2, 4583:0, 5312:0, 5373:0, 5839:2	animal / ask (inquire) / ask (request) / axe / body / cassava / darkness / demon / evening / fly (move through air) / food / ghost / girl / grow / night / old man / old woman / person / rotten / soul / speak / tell / thread / young man / young woman
113-5	C	5	j	w	Ø	w	w	w	Ø	Ø	Ø	w	w	β	838:2, 938:2, 4912:2, 5165:1, 5688:2	mother / necklace / rainbow / sew / weave / wind
62-3	C	3	j	ʔ	a	a	a	a	a	j	a	a	a	a	1837:2, 2771:2, 2775:2	arrow / beverage / bow / drink / swallow
325-1	C	1	j	j	Ø	j	j	n	Ø	Ø	Ø	j	j	n	1711:0	chili pepper
334-1	C	1	j	j	ɲ	j	Ø	o	ɲ	Ø	Ø	Ø	j	j	2388:2	all / finish
385-1	C	1	j	w	ɨ	ɨ	ɨ	Ø	ɨ	i	ɨ	ɨ	ɨ	ɨ	4440:2	heavy
410-1	C	1	j	a	a	-	Ø	-	a	a	Ø	-	-	-	4944:2	louse
437-1	C	1	j	Ø	Ø	j	j	ai	a	m	Ø	Ø	j	Ø	5333:0	no / not / sick
476-1	C	1	j	a	Ø	a	Ø	j	Ø	Ø	Ø	a	a	a	5810:3	arm
69-9	C	9	h	h	i	h	h	i	i	h	i	i	h	i	75:0, 852:0, 1991:0, 3136:0, 3969:0, 4707:0, 5102:0, 5390:0, 5969:0	ant / blood / come / dream (something) / enter / flee / i / language / look / relatives / run / see / thing / tree / wood
26-5	C	5	h	h	a	h	h	a	a	h	a	a	h	a	307:0, 467:0, 785:0, 4751:0, 5233:0	mouth / name / stomach / they / tongue / vomit
42-4	C	4	h	h	o	h	h	o	ɯ	β	u	u	h	o	142:0, 815:0, 897:0, 5393:0	bloom / clean / flower / man / older brother / person / white
256-3	C	3	h	h	-	-	h	h	Ø	ɦ	ɨ	ɨ	h	Ø	608:6, 1100:0, 2813:0	bow / breathe / get tired / milk / rest / river / water
244-2	C	2	h	h	ɨ	Ø	Ø	h	ɨ	Ø	Ø	Ø	h	h	609:0, 1033:1	path / town or village / yes
302-1	C	1	h	h	Ø	o	Ø	ɨ	ɯ	Ø	u	u	h	o	455:0	testicles
388-1	C	1	h	h	o	Ø	h	Ø	ʔ	h	Ø	u	h	o	4475:0	hide (conceal)
427-1	C	1	h	ʂ	ʂ	ʂ	Ø	Ø	ʂ	Ø	Ø	ʃ	ʂ	ʂ	5283:0	needle (for sewing)
453-1	C	1	h	h	i	i	h	i	i	Ø	Ø	i	h	Ø	5527:0	tail
490-1	C	1	h	Ø	Ø	h	Ø	Ø	ɨ	Ø	ɨ	ɨ	Ø	ɨ	5974:0	eye / seed
175-9	C	9	-	ʔ	t	-	-	-	t	-	-	-	i	i	2295:5, 3075:4, 4694:5, 5556:5, 4258:4, 6083:7, 44:4, 169:4, 263:5	carry / cure / day (not night) / embrace / heel / know (something) / language / nest / pinch / press / sleep / speak / squeeze
140-8	C	8	-	-	-	-	-	-	-	Ø	-	-	t	k	68:4, 1269:3, 1959:4, 3618:4, 4178:4, 4376:5, 4644:8, 6016:6	dance / fear (fright) / gather / give / half / join / jump / seize / sell / sew / smell (perceive) / smell (stink) / split / trap (catch) / wake up
170-8	C	8	-	-	∼	∼	-	m	Ø	Ø	Ø	n	-	-	3074:4, 3074:7, 3074:11, 3074:12, 165:4, 2687:4, 2836:4, 3186:4	breast / chest / dog / drunk / embrace / nasal mucus (snot) / nose / suckle (breastfeed, nurse)
232-8	C	8	-	ʔ	-	-	-	k	t	Ø	Ø	i	i	i	124:4, 124:6, 212:6, 948:2, 473:4, 1621:6, 1644:9, 2607:3	chew / cough / dig / fan (action) / field / snore / spin / wake up / wake up (someone)
118-5	C	5	-	-	-	-	-	n	-	-	n	-	-	-	3190:4, 4153:4, 4165:5, 4334:4, 5111:5	basket / frog / grass / milk / nasal mucus (snot)
288-5	C	5	-	ʔ	Ø	ʔ	-	-	t	Ø	Ø	i	-	o	559:7, 597:2, 1207:2, 1997:1, 3592:7	burn (something) / come / fear (fright) / thunder / touch
75-4	C	4	-	ʔ	t	-	-	-	t	Ø	Ø	i	t	k	770:2, 1354:2, 3178:4, 3877:4	bring / buy / get lost / go up (ascend) / marry / pick up / stand / walk / whistle
195-4	C	4	-	n	n	∼	-	-	n	Ø	-	-	-	-	263:4, 1054:4, 1131:5, 3592:10	bridge / fear (fright) / press / squeeze / you
250-4	C	4	-	-	-	-	-	k	-	-	Ø	k	-	-	1644:6, 3074:5, 4823:4, 5435:4	be silent / deaf / ear / embrace / fan (action) / no / not
32-3	C	3	-	-	t	-	-	-	t	-	Ø	-	-	-	4249:4, 5018:4, 5515:4	be born / cover / go / head / peel / roof / walk
36-3	C	3	-	-	-	-	-	-	-	-	d	-	-	-	4121:5, 4294:5, 4862:4	dawn / day (not night) / earth (soil) / egg / forest / lizard / sun / tree / year
38-3	C	3	-	-	-	-	-	-	-	w	t	-	-	-	531:3, 4332:4, 4909:4	bat / bone / neck
162-3	C	3	-	-	t	-	-	n	t	Ø	-	-	t	i	912:5, 1663:5, 1737:4	break (destroy or get destroyed) / choose / follow / pursue
166-3	C	3	-	-	t	-	-	Ø	i	Ø	Ø	i	i	k	748:5, 793:4, 4800:5	lift / wake up / wash
231-3	C	3	-	-	Ø	Ø	-	k	ɯ	-	Ø	β	Ø	o	184:6, 1100:6, 3074:8	breathe / embrace / get tired / rest / spider
240-3	C	3	-	t	t	t	a	-	t	Ø	Ø	i	t	k	565:4, 2597:3, 3769:3	arrive / come back / evening / tie
261-3	C	3	-	-	n	-	-	Ø	t	Ø	Ø	-	t	-	385:4, 748:4, 1351:4	buy / lift / scrape / sell / stomach / wake up
286-3	C	3	-	p	∼	ʂ	-	Ø	n	Ø	Ø	ʃ	t	ʃ	3521:2, 3592:5, 4694:4	dirty / fear (fright) / know (something)
290-3	C	3	-	k	ɨ	-	-	Ø	Ø	Ø	Ø	ɨ	-	ɨ	124:7, 559:8, 912:3	break (destroy or get destroyed) / snore / thunder
294-3	C	3	-	r	i	r	Ø	a	t	Ø	Ø	r	Ø	r	1648:4, 2496:2, 4644:5	chicken / dance / first / jump
35-2	C	2	-	-	t	-	-	-	Ø	i	Ø	-	t	-	845:5, 2790:3	bury / earth (soil) / wet
47-2	C	2	-	-	-	-	-	-	-	ʔ	Ø	-	-	-	2826:4, 5292:6	nest / river / water
52-2	C	2	-	-	t	-	-	Ø	t	t	Ø	-	-	i	4236:5, 5312:4	darkness / evening / give / night / sell
54-2	C	2	-	n	∼	-	ɨ	-	n	ɨ	n	-	-	-	3951:4, 4703:3	flat / lake
101-2	C	2	-	-	Ø	Ø	Ø	-	Ø	-	n	-	-	-	908:5, 1625:4	cloth / wash / who
105-2	C	2	-	-	-	k	-	-	-	Ø	Ø	Ø	i	i	2388:5, 2597:7	all / evening / finish
141-2	C	2	-	-	-	Ø	-	k	-	Ø	Ø	-	-	Ø	185:7, 483:6	blow (of wind) / boil (something) / wind
143-2	C	2	-	-	t	Ø	-	Ø	-	Ø	t	Ø	i	a	3646:4, 5854:4	big / bone / grow / increase / ripe / rub / scrape
182-2	C	2	-	-	-	Ø	p	-	t	-	Ø	t	-	k	1769:4, 5911:2	be silent / day (not night) / finger / light (radiation) / palm of hand / touch
255-2	C	2	-	ʃ	t	-	Ø	Ø	t	Ø	Ø	k	t	Ø	5612:2, 5839:4	grind / press / rotten / squeeze
305-1	C	1	-	-	Ø	-	Ø	-	-	Ø	ʂ	-	ʂ	-	455:4	testicles
311-1	C	1	-	-	-	ʔ	Ø	-	-	Ø	-	-	-	Ø	686:2	green / small / unripe / young
317-1	C	1	-	Ø	-	-	-	Ø	-	ʂ	-	-	-	-	897:4	clean / white
326-1	C	1	-	t	i	Ø	-	Ø	-	Ø	-	i	Ø	i	1765:4	chair / sit / sit down
327-1	C	1	-	-	Ø	Ø	p	-	Ø	-	Ø	Ø	Ø	-	1854:4	father
342-1	C	1	-	-	t	-	-	-	t	Ø	Ø	i	t	k	2745:4	dream (something)
347-1	C	1	-	-	t	-	-	-	t	Ø	Ø	-	t	k	3158:5	remember / think (reflect)
350-1	C	1	-	w	Ø	Ø	-	Ø	Ø	Ø	Ø	Ø	-	Ø	3592:8	fear (fright)
369-1	C	1	-	t	Ø	Ø	-	-	Ø	Ø	Ø	i	t	k	4282:4	fall
375-1	C	1	-	ʔ	t	-	-	Ø	-	Ø	-	-	t	k	4405:4	bathe / swim
403-1	C	1	-	t	t	∼	-	t	t	Ø	Ø	i	∼	k	4786:4	hammock / lie down / put
422-1	C	1	-	-	-	-	Ø	Ø	-	Ø	Ø	n	-	-	5149:3	mosquito
431-1	C	1	-	ʂ	-	-	Ø	Ø	-	Ø	Ø	ɨ	-	-	5283:5	needle (for sewing)
434-1	C	1	-	-	-	-	-	-	-	n	Ø	-	-	-	5292:4	nest
438-1	C	1	-	Ø	Ø	t	-	-	-	-	Ø	Ø	-	Ø	5333:4	no / not / sick
471-1	C	1	-	t	Ø	Ø	-	-	Ø	Ø	Ø	-	-	-	5747:4	rib / shoot
